cantico_id,club_id,equipo_mencionado_fuente,titulo_referencia,letra_original,contexto_cantico,referente_contextual,fuente_contexto,estado_contexto,fuente,url,fecha_consulta,fecha_publicacion,metodo_adquisicion,numero_palabras,estado_verificacion,posible_similar_a,revision_manual,observacion_revision
CAN0001,CLU002,Alianza Petrolera,Orgullo Barranqueño,"Orgullo Barranqueño yo soy del Aurinegro...
Te sigo de pendejo... por que es un sentimiento...
Esta Banda que esta descontrolada no te deja de alentar jamas jamas...
Vamos vamos Alian... vamos a ganar... la Anarkia te va alentar... vamos petrolera
Hoy te vengo aver hoy no... podes perder...",,,,,Barrabrava.net,https://barrabrava.net/alianza-petrolera/dominio-aurinegro/letra/orgullo-barranqueno/,2026-09-01,,Copiado de texto público mediante extracción reproducible,48,aceptado,,No,
CAN0002,CLU003,América de Cali,El echo de quererte tanto,"El hecho de quererte tanto me volvío re loco…
yo dejo la vida en las gradas alentando al rojo
este vicio que me hice contigo yo no me lo explico…
porque te quiero diablo rojo yo estare contigo...
Tema original: celoso - Nelson Gómez",,,,,Barrabrava.net,https://barrabrava.net/america-de-cali/baron-rojo-sur/letra/el-echo-de-quererte-tanto/,2026-09-01,,Copiado de texto público mediante extracción reproducible,43,aceptado,,No,
CAN0003,CLU003,América de Cali,En el barrio San Fernando hay una banda,"en el barrio san fernando hay una banda
y el aguante lo primero q aprendí
vamos todos para el barrio san fernando
es el barrio mas hermoso para mi
y ahora voy
caminando por los pasos del alcohol
sos campeón
yo me quedo con la banda del barón",,,,,Barrabrava.net,https://barrabrava.net/america-de-cali/baron-rojo-sur/letra/en-el-barrio-san-fernando-hay-una-banda/,2026-09-01,,Copiado de texto público mediante extracción reproducible,48,aceptado,,No,
CAN0004,CLU003,América de Cali,Esa es la banda puta del sin banderas,"Esa es la banda puta del sin banderas
La que perdió los trapos en carretera
La que le tiene miedo a los mano a mano
La que por cagones se los robaron
Los dejó tirados",,,,,Barrabrava.net,https://barrabrava.net/america-de-cali/baron-rojo-sur/letra/esa-es-la-banda-puta-del-sin-banderas/,2026-09-01,,Copiado de texto público mediante extracción reproducible,35,aceptado,,No,
CAN0005,CLU003,América de Cali,Esta es la banda del Chanchero,"Esta es la banda del Chanchero
La que alienta y pone huevo
La que corre al panadero
La que corre al vaginal
La generación perdida
Ya corrió a la policía
Es la hinchada de los cantos
Que no para de alentar
Chanchero querido
Por siempre estarás
Porque esta es tu hinchada
No te vamo a olvidar
Chanchero querido de mi corazón
De la cuna hasta el cajón",,,,,Barrabrava.net,https://barrabrava.net/america-de-cali/baron-rojo-sur/letra/esta-es-la-banda-del-chanchero/,2026-09-01,,Copiado de texto público mediante extracción reproducible,67,aceptado,,No,
CAN0006,CLU003,América de Cali,Filiales del Rojo,"estas son las filiales del rojo...
la que por los colores siempre lo dejan todo...
la que se aguantaron el descenso...
las corren a las vulvas...tambien al panadero...
van de la cabeza...
son las que en las canchas ponen la fiesta...
les vamo a demostrar...
que sin las filiales no hay carnaval",,,,,Barrabrava.net,https://barrabrava.net/america-de-cali/baron-rojo-sur/letra/filiales-del-rojo/,2026-09-01,,Copiado de texto público mediante extracción reproducible,53,aceptado,,No,
CAN0007,CLU003,América de Cali,Hoy vine de vuelta a la cancha,"Hoy vine de vuelta a la cancha
con mis amigos volví a San Fernando
muchos momentos los que hemos vivido
buenos y malos pero aquí contigo.
Que ya han pasado muchos años
seguimos siendo la Pasión de un Pueblo
seguimos siendo la Banda del Diablo
Es la que te juró amor eterno
Y vamos Rojo que yo te amo
cantemos todos que hoy ganamos
Y vamos Rojo a dar la vuelta
haciendo grande la camiseta...",,,,,Barrabrava.net,https://barrabrava.net/america-de-cali/baron-rojo-sur/letra/hoy-vine-de-vuelta-a-la-cancha/,2026-09-01,,Copiado de texto público mediante extracción reproducible,75,aceptado,,No,
CAN0008,CLU003,América de Cali,Hoy volvimos a la cancha,"Hoy volvimos a la cancha la fiesta del escarlata con los bombos y los trapos a los socios nos miramos, Que el rojo es lo que mas quiero si no te veo me muero a los millos los robamos y sigue donde vamos recorriendo carretera la banda funebrera que viaja a todas partes disturbio tiene aguante, recorriendo carretera la banda funebrera que viaja a todas partes disturbio tiene aguante Hoy volvimos a la cancha La fiesta del escarlata con los bombos y los trapos a los socios nos miramos que el rojo es lo que mas quiero si no te veo me muero a los millos los robamos y sigue donde vamos. Recorriendo carretera la banda funebrera que viaja a todas partes disturbio tiene aguante recorriendo carretera la banda funebrera que viaja a todas partes disturbio tiene aguante",,,,,Barrabrava.net,https://barrabrava.net/america-de-cali/disturbio-rojo-bogota/letra/hoy-volvimos-a-la-cancha/,2026-09-01,,Copiado de texto público mediante extracción reproducible,138,aceptado,,No,
CAN0009,CLU003,América de Cali,Llego el momento y esta banda loca te viene alentar,"Vas a morir,
Vas a llorar,
Se va a caer,
La popular
Una vez mas
Llego el momento y esta banda loca te viene alentar
Una vez mas
El sentimiento de ser escarlata me hace delirar...
Vas a morir,
vas a llorar
se va a caer la popular
Una vez mas",,,,,Barrabrava.net,https://barrabrava.net/america-de-cali/baron-rojo-sur/letra/llego-el-momento-y-esta-banda-loca-te-viene-alentar/,2026-09-01,,Copiado de texto público mediante extracción reproducible,51,aceptado,,No,
CAN0010,CLU003,América de Cali,Mechita Vos Sos Mi Vida,"Mechita Vos Sos Mi Vida
Sos Mi Pasion, Mi Alegria
No Importa Ganes o Pierdas
Siempre Esta Banda Te Alienta
Solo Te Pido Una Cosa,
Que Vos Te Ganes La Copa,
Que Si Salimos Campeon La Banda Se Vuelve Loca
Que Si Salimos Campeon La Banda Se Vuelve Loca
Cantando, Alentando Yo Viviré,
Mechita Vos Sos Mi Vida
Cantando, Alentando Yo Viviré,
Mechita Vos Sos Mi Vida",,,,,Barrabrava.net,https://barrabrava.net/america-de-cali/disturbio-rojo-bogota/letra/mechita-vos-sos-mi-vida/,2026-09-01,,Copiado de texto público mediante extracción reproducible,67,aceptado,,No,
CAN0011,CLU003,América de Cali,Mi amor crecio en la popular,"5 años en el puto descenso,
mi amor creció en la popular
Te juro que aunque llegue la muerte,
de rojo me tienen que enterrar
Porque yo les enseñe que en primera o en la b las banderas no las vamo a devolver
Para todos los demás que las venga a buscar,
les pedimos un combate en el pascual",,,,,Barrabrava.net,https://barrabrava.net/america-de-cali/baron-rojo-sur/letra/mi-amor-crecio-en-la-popular/,2026-09-01,,Copiado de texto público mediante extracción reproducible,59,aceptado,,No,
CAN0012,CLU003,América de Cali,Movete rojo Movete,"Movete rojo movete,
movete deja de joder,
que esta banda esta loca!!!!,
y hoy no podemos perder",,,,,Barrabrava.net,https://barrabrava.net/america-de-cali/baron-rojo-sur/letra/movete-rojo-movete/,2026-09-01,,Copiado de texto público mediante extracción reproducible,17,aceptado,,No,
CAN0013,CLU003,América de Cali,No me arrepiento de este amor,"No me arrepiento de este amor y
aunque no salgas campeon
la mecha es la locura y la pasion
y la libertadores mi obsecion
es cierto q tenemos aguante
y que alentamos ya lo ves
algun dia la copa llegara
y a todos los del culo humillara
despues de tantas estrellas
la popular es una fiesta
la locura de la banda del baroon
y mi unico deseo
vamos mecha pongan huevos
que no puedo arrepentirme de este amooor",,,,,Barrabrava.net,https://barrabrava.net/america-de-cali/baron-rojo-sur/letra/no-me-arrepiento-de-este-amor/,2026-09-01,,Copiado de texto público mediante extracción reproducible,78,aceptado,,No,
CAN0014,CLU003,América de Cali,"No sé como voy, no sé como vengo","No sé como voy, no sé como vengo
Yo solo sé que te vengo a alentar
No puedo explicar este sentimiento
Que llevo adentro no puedo parar
Vamos mi Mechita todo va a estar bien
Como siempre te seguiré, como siempre te alentaré
Vamos mi Mechita vamos a ganar
Que la vuelta yo quiero dar, todos juntos a festejar
El Panadero p*to no existe más
El Panadero p*to no existe más",,,,,Barrabrava.net,https://barrabrava.net/america-de-cali/baron-rojo-sur/letra/no-se-como-voy-no-se-como-vengo/,2026-09-01,,Copiado de texto público mediante extracción reproducible,71,aceptado,,No,
CAN0015,CLU003,América de Cali,No voy a Dejarte,"Dicen que voy a la cancha que soy un borracho
Que soy de la mecha y voy descontrolado/
Y a pesar de todo yo te vengo a ver oh oh
Dicen que los dirigentes ya lo negociaron
Lo que mas importa es cuanto yo te amo
Rojo dejo todo por venirte a ver oh oh/
Llevo en la sangre toda esta alegría que no tenga duda
Por mas que ofenda y que duela no pienso acabar mi locura
Este descenso que duele no es facial
Me hizo mas fuerte ayudo a levantarme del suelo
Porque el Rojo es muy graandee
Esta es tu hinchada que alienta en las malas/
Y a los jugadores solo le pedimos mas huevos oh oh oh
No voy a dejarte",,,,,Barrabrava.net,https://barrabrava.net/america-de-cali/baron-rojo-sur/letra/no-voy-a-dejarte/,2026-09-01,,Copiado de texto público mediante extracción reproducible,125,aceptado,,No,
CAN0016,CLU003,América de Cali,Para que a primera volvamos,"No importa si jugás en la A
No importa si jugás en la B
No me importa el resultado
Igual te sigo a todo lado
Porque te amo
Voy descontrolado
Yo te vengo a ver
Por más que el descenso dolió
Una cosa le pido a Dios
Que demos la vuelta este año
Para que a primera volvamos
Y vamos los diablos
Y vamos los diablos",,,,,Barrabrava.net,https://barrabrava.net/america-de-cali/baron-rojo-sur/letra/para-que-a-primera-volvamos/,2026-09-01,,Copiado de texto público mediante extracción reproducible,66,aceptado,,No,
CAN0017,CLU003,América de Cali,Que no se olviden de la historia y de la gloria,"A la Mecha yo la sigo a todo lado, siempre voy descontrolado, por eso te vengo a ver
Yo del rojo siempre he estado enamorado y en la mala nunca te abandonaré
Yo por eso le pido a los jugadores, que le pongan más el pecho y que dejen de joder
Que no se olviden de la historia y de la gloria, de los que están en el cielo y de Miguel",,,,,Barrabrava.net,https://barrabrava.net/america-de-cali/baron-rojo-sur/letra/que-no-se-olviden-de-la-historia-y-de-la-gloria/,2026-09-01,,Copiado de texto público mediante extracción reproducible,72,aceptado,,No,
CAN0018,CLU003,América de Cali,Rojas Escarlata,"Menores, yo soy escarlata, yeh
Se soltaron los diablos rojos
Y en la tribuna sur se prendió la fogata, yeh
Los trapo' en el aire
Está prohibido que alguien pare de alentar
De seguro esta noche el Pascual va a reventar
De seguro que se va caer la popular, yeah, oh
Solo suden la camiseta
Yeah, eh
No es lo mismo ver al diablo a hablar de él
Que ir a agarrarlo por los cuernos, fai, sí
Todo hincha sin miseria va a la casa
Pero háblame de una hinchada
Que hasta en otra división llena un estadio del gobierno
No me va a asustar el cielo
Si estuvimos cada lunes aguantando y caminando en el infierno
Dame una alegría, mecha linda
Pongan huevos que te quiero ver campeón
Es mi ilusión, me tiene enfermo
La pasión de un pueblo
La locura de la lleca
La cabeza del ""Tecla""
La derecha de Gareca yao
Casi cinco finales que se nos fueron de las manos a secas
El ascenso en el Pascual
Y los domingos que salimos ganando en tu Palmaseca
Tigre, hoy te perdono lo del fallo
Lo que no perdono es lo del ""Caballo"" en la discoteca
Corran hasta cojos
Vamos rojos, quiero ser campeón de América
Más puntos pa' la numérica
Ronquemos de futbol
Si en el mundo fuimos los segundos en plantilla
Y los primeros aquí en Suramérica, ¡ja!
Marica, que te vas a mentir solo
Tu estadio está solo
En cambio yo los sábados veo la caldera histérica
Porque me volví la bestia en esto
Pero sigue el mismo sueño que tengo desde la cuna: solo América
Y ganoso 'e ser primero en julio
Ya compramos los abonos pa' la hinchada
Llama a Tulio y pa'l Pascual
La experiencia de saber que descendimos
Pero el fresco de saber que subimos con un penal
La hinchada que es el jugador 12
Si juega bien, prácticamente está obligando a los 11 a no jugar mal
Cada partido aquí es una final
Así sean básicos
Menos el clásico, que es masculino o vaginal, ya
Muela, no es real
Fútbol en paz
Hay ocasiones en las que hacer menos es ser más
Hoy van como 5 fechas no más
Y sea con el que sea, si no es rojo con todo respeto, gas
Ahí viene la banda del diablo, ¿Para 'ónde va?
Me voy para el Pascual, pero con 5 panas más
América y no importan los demá'
Se siente el carnaval en San Fernando pero en las Acacias más
Pongan huevos que les ganamos con 9
Suden la camiseta
Rompan el peto
Eso lo que mínimo que deben
Tengo 20 cumpliditos, yo no viví el 19
Pero en el 2011 no faltamos nunca ni un lunes ni en jueves
Siempre llenos hasta cuando llueve
Quieren bajar de estrellas, ¡ja!, breve, ¡yao!
Y no hablen de robar
Ni hablemos de comprar
Que hablar ninguno puede
Y hasta paila que me calquen
Qué tal que
Les toque darme el 10 recién llegado como Falque
Estamos uniendo firmas y estamos regando el rojo a lo que marque
En las autopistas, los barrios, los parques
No va a haber otra hinchada que abarque
No va a haber otro así como Paz pa' que los marque
105 y la de Averno
Esa es la hinchada de un sentimiento escarlata que por ustedes se mata
Pa' que marquen
Yeah
Se soltaron los diablos rojos
Y en la tribuna sur se prendió la fogata, ¡yeh!
Los trapos en el aire
Está prohibido que alguien pare de alentar
De seguro esta noche el Pascual va a reventar
De seguro que se va a caer la popular, ¡yeah, oh!
Suden la camiseta
En San Fernando hay carnaval (yeah)
Háblales G's
Oye, Esteban Rojas
La Nue, La Nueva Luz del Diamante, ¡ja!
Esto es Cali Cartel
¿Qué pasó fai?
La Averno Central, esto es rojo capo
Hijos de Caín, papito
Bloque sur templete
No es juego, ¿qué pasa?
Yeah
Esto es Cali Calentura
Que no es lo mismo
Yeah
Barón Rojo Sur
Rojo capo
Háblales Camilo
High Beats
Los vamos a pintar de escarlata, yeah, ah
Pieces
Ya ellos saben cómo dice
José Joseando",,,,,Barrabrava.net,https://barrabrava.net/america-de-cali/baron-rojo-sur/letra/rojas-escarlata/,2026-09-01,,Copiado de texto público mediante extracción reproducible,695,aceptado,,No,
CAN0019,CLU003,América de Cali,Se va a caer la popular,"Vas a morir,
vas a llorar
se va a caer,
La popular
Una vez mas
Llego el momento y esta banda loca te viene alentar
Una vez mas
El sentimiento de ser escarlata me hace delirar...",,,,,Barrabrava.net,https://barrabrava.net/america-de-cali/baron-rojo-sur/letra/se-va-a-caer-la-popular/,2026-09-01,,Copiado de texto público mediante extracción reproducible,36,aceptado,,No,
CAN0020,CLU003,América de Cali,Se viene la banda del diablo,"Señores soy americano lo llevo en el alma
La banda que en todos momentos siempre te acompaña
Ser hincha de mecha realmente es un sentimiento
Te sigo no importa donde vallas yo siempre te aliento
Recuerdo que juntos pasamos muy duros momentos
Las 4 finales, la muerte del negro misterio
A los jugadores les pido que dejen la vida
Vamos escarlata dame una alegría/
Se viene la banda del diablo,
se viene la banda del diablo,
se viene la banda del diablo
Baron Rojo Sur
Se viene la banda del diablo,
se viene la banda del diablo,
se viene la banda del diablo
Baron Rojo Sur",,,,,Barrabrava.net,https://barrabrava.net/america-de-cali/baron-rojo-sur/letra/se-viene-la-banda-del-diablo/,2026-09-01,,Copiado de texto público mediante extracción reproducible,106,aceptado,,No,
CAN0021,CLU003,América de Cali,Si vos sos de Nacional,"Si vos sos de Nacional, vos sos un homosexual,
si ves a Laisa en TV, sos un marica también,
son todos panaderos que se reúnen en un burdel
son todos panaderos que se reúnen en un burdel",,,,,Barrabrava.net,https://barrabrava.net/america-de-cali/baron-rojo-sur/letra/si-vos-sos-de-nacional/,2026-09-01,,Copiado de texto público mediante extracción reproducible,37,aceptado,,No,
CAN0022,CLU003,América de Cali,Te sigo hasta la muerte,"Te voy a alentaar// Te sigo hasta la muerte// este amor se hace mas fuertee// te juro que siempre voy a estar
Te voy a alentaar// Te sigo hasta la muerte// este amor se hace mas fuertee// te juro que siempre voy a estar
América te quiero de verdad// lo siego visitante o de local// aunque la dimayor te descenido// esta pasion no desaparecio.
Ahora yo le digo al nacional// que pronto volveremos a la A// que ya nos vamos a encontrar// te lo dice la barra de bogota ¡¡ ya lo veras!!",,,,,Barrabrava.net,https://barrabrava.net/america-de-cali/baron-rojo-sur/letra/te-sigo-hasta-la-muerte/,2026-09-01,,Copiado de texto público mediante extracción reproducible,92,aceptado,,No,
CAN0023,CLU003,América de Cali,Verde cagon,"verde cagooon, verde cagooon, verde cagoon verde cagoon, verde cagooon, verde cagooon
con la pistola en la mano
voleando chuzo y balin
sera siempre baron rojo
lo mas grande del pais
verde cagooon",,,,,Barrabrava.net,https://barrabrava.net/america-de-cali/baron-rojo-sur/letra/verde-cagon/,2026-09-01,,Copiado de texto público mediante extracción reproducible,33,aceptado,,No,
CAN0024,CLU003,América de Cali,Esta Hinchada No Te Deja de Alentar,"¡Vamos Los Rojos! Que tenemos que ganar, Esta hinchada no te deja de alentar...",,,,,FanChants,https://www.fanchants.com/es/football-songs/america-de-cali-chants/deportivo-cali-chant-10/,2026-09-01,2013,Copiado de texto público mediante extracción reproducible,14,requiere revisión: asociación con club,,Sí,La URL y la descripción histórica de FanChants mencionan Deportivo Cali; revisar asociación con América de Cali.
CAN0025,CLU003,América de Cali,Se Va a Caer la Popular,"Una vez mas, Es el momento de esta banda loca te viene alentar, Una vez mas, El sentimiento de ser escarlata me hace delirar Vas a Morir Vas a Llorar Se va Caer La Popular...",,,,,FanChants,https://www.fanchants.com/es/football-songs/america-de-cali-chants/popular-will-get-down/,2026-09-01,2014,Copiado de texto público mediante extracción reproducible,35,aceptado,,No,
CAN0026,CLU003,América de Cali,¡Vamos Diablos Rojos!,"¡Vamos, vamos Diablos Rojos, vamos a ganar! ¡Vamos, vamos Diablos Rojos, vamos a ganar! Yo te sigo a todas partes a donde vas, Cada vez te quiero más...",,,,,FanChants,https://www.fanchants.com/es/football-songs/america-de-cali-chants/go-go-red-devils/,2026-09-01,2014,Copiado de texto público mediante extracción reproducible,28,aceptado,,No,
CAN0027,CLU004,Deportivo Pasto,Donde sea yo lo voy a ver,"Porque Siempre Prometí
Que yo siempre te amaré
Que daria yo mi vida solo por venirte a ver
Alentarte a donde vas
Mucho mas si vos perdes
Porque este amor que yo siento
Es tan grande ya lo ves
Una cosa pido Yo!
Directivo que pasó
No desångres al equipo
La pųta que te pârio...
Al trico!
Donde sea yo lo voy a ver
Con toda la muchachada
La fiesta siempre yo haré
Al trico!
Le pido otra vez la vuelta dar
Queremos un campeonato
Todos juntos a celebrar",,,,,Barrabrava.net,https://barrabrava.net/deportivo-pasto/la-banda-tricolor/letra/donde-sea-yo-lo-voy-a-ver/,2026-09-01,,Copiado de texto público mediante extracción reproducible,89,aceptado,,No,
CAN0028,CLU004,Deportivo Pasto,La Banda Loca,"Esta es la banda loca del superdepor
la que lo sigue al pasto sin tener miedo
la que deja la vida por los colores
la que le pide huevo a los jugadores
para ser campeones...",,,,,Barrabrava.net,https://barrabrava.net/deportivo-pasto/la-banda-tricolor/letra/la-banda-loca/,2026-09-01,,Copiado de texto público mediante extracción reproducible,35,requiere revisión: similitud,CAN0046,Sí,"Similitud alta conservada: CAN0046 (secuencia=0.971, vocabulario=0.931, longitud=1.000)"
CAN0029,CLU004,Deportivo Pasto,Lo Que Yo Quiero,"Y dale dale tricolor, te venimos a ver
esta banda esta re loca, de pequeño te vengo a ver
sabes que vos sos lo que yo quiero
no me importa si esto es un juego
yo te regalo mi corazon, solo te pido salir campeon",,,,,Barrabrava.net,https://barrabrava.net/deportivo-pasto/la-banda-tricolor/letra/lo-que-yo-quiero/,2026-09-01,,Copiado de texto público mediante extracción reproducible,45,aceptado,,No,
CAN0030,CLU004,Deportivo Pasto,Los Vendidos,"Los vendidos son asi, son lo mas amargo del mundo entero
se las dan de hinchada fiel, pero no saben lo que es sentimiento
les vamos a demostrar, pasion que siente todo un pueblo
vamos a salir a alentar, ganes o pierdas pasto yo te quiero
y dale vos y dale dale pasto
y dale vos y dale dale pasto",,,,,Barrabrava.net,https://barrabrava.net/deportivo-pasto/la-banda-tricolor/letra/los-vendidos/,2026-09-01,,Copiado de texto público mediante extracción reproducible,60,requiere revisión: similitud,CAN0049,Sí,"Similitud alta conservada: CAN0049 (secuencia=0.880, vocabulario=0.891, longitud=0.923)"
CAN0031,CLU004,Deportivo Pasto,No Me Arrepiento,"No me arrepiento de este amor
aunque ya seas campeon
amar es un milagro y yo te ame
como nunca jamas lo imagine
voy a tatuarte en mi piel
voy a seguirte por doquier
yo siento que mi pasto va a ganar
y con toda la banda a celebrar
y aunque ya dimos la vuelta
siempre el pasto es una fiesta
la locura de las drogas y el alcohol
y antes del segundo tiempo todavia estoy entero
y vos no podes fallarme tricolor",,,,,Barrabrava.net,https://barrabrava.net/deportivo-pasto/la-banda-tricolor/letra/no-me-arrepiento/,2026-09-01,,Copiado de texto público mediante extracción reproducible,83,requiere revisión: similitud,CAN0051,Sí,"Similitud alta conservada: CAN0051 (secuencia=0.905, vocabulario=0.829, longitud=0.976)"
CAN0032,CLU004,Deportivo Pasto,Pasto Te Pido Una Ilusion,"Al pasto yo le pido una ilusión
Al pasto lo llevo en el corazón...
Al pasto yo lo sigo a donde va...
Ya no hay cura para esta enfermedad
(coro)
Vamos pasto vamo a ganar
Porque la vuelta vamo' a dar
Donde jugues siempre va a estar...
La banda del libertad...",,,,,Barrabrava.net,https://barrabrava.net/deportivo-pasto/la-banda-tricolor/letra/pasto-te-pido-una-ilusion/,2026-09-01,,Copiado de texto público mediante extracción reproducible,51,aceptado,,No,Duplicado exacto también localizado en Blog Attake Massivo Pasto & La Banda Tricolor: https://tricoloresbandapasto.blogspot.com/p/cantos.html#bloque-4
CAN0033,CLU004,Deportivo Pasto,Pasto tricolor eternamente,"Oh...Deportivo...Yo lo dejo todo para verte..
Voy a quererte...Pasto tricolor eternamente...
Esta noche cueste lo que cueste...
Y dale deportivo no le falles a tu gente..
vamos ponga huevo y corazon que la banda a vos te alienta con toda la pasion...",,,,,Barrabrava.net,https://barrabrava.net/deportivo-pasto/la-banda-tricolor/letra/pasto-tricolor-eternamente/,2026-09-01,,Copiado de texto público mediante extracción reproducible,45,aceptado,,No,
CAN0034,CLU004,Deportivo Pasto,Siempre voy contigo,"Y dale pasto dar otra vuelta es lo que yo quiero
Esta es tu hinchada la que nunca te va abandonar
La que te alienta y corre al rojo en carretera
De corazon siempre a vos te sigue por donde vas
Vamoooos deportivooo
Siempree yo voy contigooo
Quiero sali campeon
La vueltaaaa quiero yo ..",,,,,Barrabrava.net,https://barrabrava.net/deportivo-pasto/la-banda-tricolor/letra/siempre-voy-contigo/,2026-09-01,,Copiado de texto público mediante extracción reproducible,54,aceptado,,No,
CAN0035,CLU004,Deportivo Pasto,Somos de la ciudad de pasto,"Somos de la Ciudad de Pasto,
Pueblo de aguante y carnaval...
La Banda siempre a vos te alienta...
Nunca te va abandonar...
Dale dale Tricolor ... dale dale Tricolor
Dale Dale Dale Dale Tricolor
Si vas bien o si vas mal de visitante o de local
Deportivo siempre te voy alentar...",,,,,Barrabrava.net,https://barrabrava.net/deportivo-pasto/la-banda-tricolor/letra/somos-de-la-ciudad-de-pasto/,2026-09-01,,Copiado de texto público mediante extracción reproducible,50,aceptado,,No,
CAN0036,CLU004,Deportivo Pasto,Tricolores,"Yo vengo para demostrar
el amor que yo siento
locura, aguante y carnaval
mas que un sentimiento
por eso yo lo dejo todo
y me voy... a alentar al tricolor...
Dale dale tricolor
sos la droga y mi pasion
esta tarde (noche) hay que ganar
la banda te va a alentar",,,,,Barrabrava.net,https://barrabrava.net/deportivo-pasto/la-banda-tricolor/letra/tricolores/,2026-09-01,,Copiado de texto público mediante extracción reproducible,51,requiere revisión: similitud,CAN0055,Sí,"Similitud alta conservada: CAN0055 (secuencia=0.960, vocabulario=0.927, longitud=0.961)"
CAN0037,CLU004,Deportivo Pasto,Vamos Los Tricolores,"Vamos, vamos los tricolores
pongan huevos, que hoy hay que ganar
vamos, vamos los tricolores
que esta banda, quiere festejar
te vengo a ver te vengo a alentar
donde jugues hasta el final
la banda esta re loca
nadie la puede parar, oh oh
hay que jugar hay que ganar
porque la vuelta vamos a dar
y a los vendidos, hoy los vamos a matar, oh oh",,,,,Barrabrava.net,https://barrabrava.net/deportivo-pasto/la-banda-tricolor/letra/vamos-los-tricolores/,2026-09-01,,Copiado de texto público mediante extracción reproducible,67,aceptado,,No,
CAN0038,CLU004,Deportivo Pasto,Yo se muy bien que pasare la vida entera,"Yo se muy bien que pasare la vida entera
siguiendo al pasto por calles y carreteras
sigo alentando para que salgas campeón
no como el lobo ni los putos del baron
yo no abandono por que no soy un comando
soy del attake soy de la ciudad de pasto
te vengo a ver yo te vengo alentar
solo te pido otro campeonato mas
Dale dale tricolor y dale tricolor y dale tricolor (*2)..",,,,,Barrabrava.net,https://barrabrava.net/deportivo-pasto/attake-massivo/letra/yo-se-muy-bien-que-pasare-la-vida-entera/,2026-09-01,,Copiado de texto público mediante extracción reproducible,73,aceptado,,No,
CAN0039,CLU004,Deportivo Pasto,Yo soy del pasto,Señores yo soy del pasto y tengo aguante yo sigo a mi superdepor a todas partes el pasto es un sentimiento que se lleva en el corazon yo daria toda mi vida por verte campeon dale dale voo dale vooo ....,,,,,Barrabrava.net,https://barrabrava.net/deportivo-pasto/attake-massivo/letra/yo-soy-del-pasto/,2026-09-01,,Copiado de texto público mediante extracción reproducible,40,aceptado,,No,
CAN0040,CLU004,Deportivo Pasto,Yo Soy Del Pasto,"Señores yo soy del pasto y tengo aguante
yo sigo al superdepor a todas partes
que el pasto es un sentimiento
que se lleva en el corazon
yo daria toda mi vida por ser campeon
dale dale oh
dale dale oh
dale dale oh
dale dale oh",,,,,Barrabrava.net,https://barrabrava.net/deportivo-pasto/la-banda-tricolor/letra/yo-soy-del-pasto/,2026-09-01,,Copiado de texto público mediante extracción reproducible,47,aceptado,,No,
CAN0041,CLU004,Deportivo Pasto,"Yo te vengo a ver, sos mi locura","Dale, Dale,Dale, Dale, Dale Dale, Deportivoooo
Dale, Dale,Dale, Dale, Dale Dale, Tricoloooor
Dale, Dale,Dale, Dale, Dale Dale, Deportivoooo
Dale, Dale,Dale, Dale, Dale Dale, Tricoloooor
Yo te vengo a ver, Sos mi locuraaaa.
Esta enfermedad no tiene curaaaaa.
Superdepor sos la droga de mi corazooooon",,,,,Barrabrava.net,https://barrabrava.net/deportivo-pasto/la-banda-tricolor/letra/yo-te-vengo-a-ver-sos-mi-locura/,2026-09-01,,Copiado de texto público mediante extracción reproducible,48,aceptado,,No,
CAN0042,CLU004,Deportivo Pasto,ALENTANDO EN PRIMERA PARA VOS,"EL ASCENSO FUE LA MAYOR ALEGRIA
ASCENDIMOS CON AGUANTE Y CORAZON
LE CERRAMOS EL CULO A TODOS LOS VENDIDOS
Y A LA MAFIA DE LA PUTA DIMAYOR...
ALENTANDO SIEMPRE EN LAS BUENAS Y MALAS
DESCENDIMOS PERO FUE PARA VOLVER
EL SENTIMIENTO VALE MAS QUE MIL PALABRAS
Y LA MENTIRA QUE NOS HIZO DESCENDER
Y AHORA ESTOY ALENTANDO EN PRIMERA PARA VOS...
TRICOLOOOOOR. PONE HUEVOS YO QUIERO SALIR CAMPEON..",,,,,Blog Attake Massivo Pasto & La Banda Tricolor,https://tricoloresbandapasto.blogspot.com/p/cantos.html#bloque-2,2026-09-01,,Copiado de texto público mediante extracción reproducible,68,requiere revisión: segmentación de fuente,,Sí,La página reúne varios cantos en un solo documento y su formato no delimita todos los bloques con la misma claridad; revisar la segmentación manualmente.
CAN0043,CLU004,Deportivo Pasto,ATTAKE MASSIVO,"YA LLEGÓ, LA HINCHADA
QUE TE CANTA, TE GRITA
Y TE ALIENTA SIN PARAR
VAMOS PASTO VAMOS A GANAR
EL ATTAKE MASSIVO YA LLEGÓ",,,,,Blog Attake Massivo Pasto & La Banda Tricolor,https://tricoloresbandapasto.blogspot.com/p/cantos.html#bloque-13,2026-09-01,,Copiado de texto público mediante extracción reproducible,24,requiere revisión: segmentación de fuente,,Sí,La página reúne varios cantos en un solo documento y su formato no delimita todos los bloques con la misma claridad; revisar la segmentación manualmente.
CAN0044,CLU004,Deportivo Pasto,BUSQUENME EN LA TRIBUNA,"YO NO SOY COMO ESOS QUE SE QUEDAN EN CASA
ESCUCHANDO LA RADIO PA SABER LO QUE PASA
YO SOY HINCHA DEL PASTO DE ESO NO TENGAN DUDA
SI ME ANDAN BUSCANDO BUSQUENME EN LA TRIBUNA
BUSQUENME EN LA TRIBUNAAA.",,,,,Blog Attake Massivo Pasto & La Banda Tricolor,https://tricoloresbandapasto.blogspot.com/p/cantos.html#bloque-5,2026-09-01,,Copiado de texto público mediante extracción reproducible,40,requiere revisión: segmentación de fuente,,Sí,La página reúne varios cantos en un solo documento y su formato no delimita todos los bloques con la misma claridad; revisar la segmentación manualmente.
CAN0045,CLU004,Deportivo Pasto,CADA DÍA TE QUIERO MAS,"OLE OLE OLE,OLE OLE OLE OLA
OLE OLE OLE,CADA DIA TE QUIERO MAS
YO SOY DEL PASTO
ES UN SENTIMIENTO
NO PUEDO PARAAAR
OLE OLE OLE,OLE OLE OLE OLA
OLE OLE OLE,JUGANDO BIEN, O JUGANDO MAL
YO SOY DEL PASTO
ES UN SENTIMIENTO
NO PUEDO PARAR",,,,,Blog Attake Massivo Pasto & La Banda Tricolor,https://tricoloresbandapasto.blogspot.com/p/cantos.html#bloque-12,2026-09-01,,Copiado de texto público mediante extracción reproducible,50,requiere revisión: segmentación de fuente,,Sí,La página reúne varios cantos en un solo documento y su formato no delimita todos los bloques con la misma claridad; revisar la segmentación manualmente.
CAN0046,CLU004,Deportivo Pasto,LA BANDA LOCA,"ESTA ES LA BANDA LOCA DEL SUPERDEPOR
LA QUE LO SIGUE AL PASTO
SIN TENER MIEDO...
LA QUE DEJA LA VIDA POR LOS COLORES...
LA QUE LE PIDE GÜEVO' A LOS JUGADORES....
PARA SER CAMPEONES...",,,,,Blog Attake Massivo Pasto & La Banda Tricolor,https://tricoloresbandapasto.blogspot.com/p/cantos.html#bloque-15,2026-09-01,,Copiado de texto público mediante extracción reproducible,35,requiere revisión: segmentación de fuente,CAN0028,Sí,"La página reúne varios cantos en un solo documento y su formato no delimita todos los bloques con la misma claridad; revisar la segmentación manualmente.; Similitud alta conservada: CAN0028 (secuencia=0.971, vocabulario=0.931, longitud=1.000)"
CAN0047,CLU004,Deportivo Pasto,LO DEJO TODO,"HOY YO LO DEJO TODO...
ME VOY A VER AL PASTO...
PORQUE LOS JUGADORES...
ME VAN A DEMOSTRAR
QUE SALEN A GANAAAAR...
QUIEREN SALIR CAMPEON
QUE LO LLEVAN A DENTRO...
COMO LO LLEVO YO!!!!",,,,,Blog Attake Massivo Pasto & La Banda Tricolor,https://tricoloresbandapasto.blogspot.com/p/cantos.html#bloque-6,2026-09-01,,Copiado de texto público mediante extracción reproducible,34,requiere revisión: segmentación de fuente,,Sí,La página reúne varios cantos en un solo documento y su formato no delimita todos los bloques con la misma claridad; revisar la segmentación manualmente.
CAN0048,CLU004,Deportivo Pasto,LO QUE YO QUIERO,"Y DALE DAKE TRICOLOOOR
TE VENIMOS A VER
ESTA BANDA ESTA RELOCA
DESDE PEQUEÑA TE VENGO A VER
SABES QUE VOS SOS LO QUE TO QUIERO
NO ME IMPORTA SI ESTO ES UN JUEGO
YO TE REGALO MI CORAZON
SOLO TE PIDO SALIR CAMPEON",,,,,Blog Attake Massivo Pasto & La Banda Tricolor,https://tricoloresbandapasto.blogspot.com/p/cantos.html#bloque-16,2026-09-01,,Copiado de texto público mediante extracción reproducible,44,requiere revisión: segmentación de fuente,,Sí,La página reúne varios cantos en un solo documento y su formato no delimita todos los bloques con la misma claridad; revisar la segmentación manualmente.
CAN0049,CLU004,Deportivo Pasto,LOS VENDIDOS,"LOS VENDIDOS SON ASI
SON LOS AMARGOS DEL MUNDO ENTERO
SE LAS DAN DE HINCHADA FIEL
PERO NO SABEN LO QUE ES SENTIMIENTO
LES VAMOS A DEMOSTRAR
PASION QUE SIENTE TODO UN PUEBLO
VAMO A SALIR ALENTAR
GANES O PIERDAS PASTO YO TE QUIERO
Y DALE VOS Y DALE DALE PASTO
Y DALE VOS Y DALE DALE PASTO
Y DALE VOOOOS Y DALE DALE PASTO.",,,,,Blog Attake Massivo Pasto & La Banda Tricolor,https://tricoloresbandapasto.blogspot.com/p/cantos.html#bloque-19,2026-09-01,,Copiado de texto público mediante extracción reproducible,65,requiere revisión: segmentación de fuente,CAN0030,Sí,"La página reúne varios cantos en un solo documento y su formato no delimita todos los bloques con la misma claridad; revisar la segmentación manualmente.; Similitud alta conservada: CAN0030 (secuencia=0.880, vocabulario=0.891, longitud=0.923)"
CAN0050,CLU004,Deportivo Pasto,MI BUEN AMIGO,"PASTO MI BUEN AMIGO
ESTA CAMPAÑA VOLVEREMOS A ESTAR CONTIGO
TE ALENTAREMOS DE CORAZON
ESTA ES LA BANDA QUE TE QUIERE VER CAMPEON
HOOO HO!!
NO ME IMPORTA LO QUE DIGAN
LO QUE DIGAN LOS DEMAS
YO TE SIGO A TODAS PARTES
CADA DIA TE QUIERO MAS...",,,,,Blog Attake Massivo Pasto & La Banda Tricolor,https://tricoloresbandapasto.blogspot.com/p/cantos.html#bloque-3,2026-09-01,,Copiado de texto público mediante extracción reproducible,47,requiere revisión: segmentación de fuente,,Sí,La página reúne varios cantos en un solo documento y su formato no delimita todos los bloques con la misma claridad; revisar la segmentación manualmente.
CAN0051,CLU004,Deportivo Pasto,NO ME ARREPIENTO,"NO ME ARREPIENTO DE ESTE AMOR
AUNQUE NO SEAS CAMPEÓN.
AMARTE ES UN MILAGRO Y YO TE AME.
COMO NUNCA JAMAS LO IMAGINE.
VOY A TATUARTE AQUI EN MI PIEL.
VOY A SEGUIRTE POR DOQUIER.
YO SIENTO QUE MI PASTO VA A GANAR.
Y CON TODO EL ATTAKE A CELEBRAR.....
Y AUNQUE YA DIMOS LA VUELTA
SIEMPRE EL PASTO ES UNA FIESTA.
LA LOCURA DE LAS DROGAS Y EL ALCOHOOL.
Y ANTES DEL SEGUNDO TIEMPO.
TODAVIA ESTOY ENTERO
Y VOS NO PODES FALLARME.
DALE VOOOSSSS",,,,,Blog Attake Massivo Pasto & La Banda Tricolor,https://tricoloresbandapasto.blogspot.com/p/cantos.html#bloque-7,2026-09-01,,Copiado de texto público mediante extracción reproducible,85,requiere revisión: segmentación de fuente,CAN0031,Sí,"La página reúne varios cantos en un solo documento y su formato no delimita todos los bloques con la misma claridad; revisar la segmentación manualmente.; Similitud alta conservada: CAN0031 (secuencia=0.905, vocabulario=0.829, longitud=0.976)"
CAN0052,CLU004,Deportivo Pasto,PASTO DE MI VIDA,"PASTOOOOO
PASTO DE MI VIDA
VOS SOS LA ALEGRIA
DE MI CORAZOOOON
SABES SOS LO QUE SIENTOOO
TE LLEBAMOS DENTRO
DE MI CORAZOOOOOOONN",,,,,Blog Attake Massivo Pasto & La Banda Tricolor,https://tricoloresbandapasto.blogspot.com/p/cantos.html#bloque-1,2026-09-01,,Copiado de texto público mediante extracción reproducible,23,requiere revisión: segmentación de fuente,,Sí,La página reúne varios cantos en un solo documento y su formato no delimita todos los bloques con la misma claridad; revisar la segmentación manualmente.
CAN0053,CLU004,Deportivo Pasto,PASTO EL MEJOR,"EH EH OEH, EH EH OAA HEH EH OEEH
QUIERO CANTAR QUIERO GANAR (2)
NO VOY A DEJAR QUE TE HIERAN
Y DIGAN LO QUE DIGAN YO TE VENGO A VER
SIEMPRE SOY DEL PASTO
HINCHA DE CORAZON
EN LA CANCHA QUE JUEGUES
TE ALENTAMOS CAMPEON (2)
DALE PASTOO..
PORQUE ES UN SENTIMIENTO, ES UN HONOR
PODER GRITAR DE TODO CORAZONAL PASTO (2)
Y QUE LLORARAN VENDIDOS
QUE NO QUIEREN LA REGION
PORQUE ESTE SEMESTRE QUEDA
MI SUPERDEPOR CAMPEON (2)
EL PASTO VA A SALIR CAMPEON
EL PASTO VA A SALIR CAMPEON
SE LO DECIMOS A TODOS LOS HIJOS DE PUT*DE LA DIMAYOR
COMO NO TE VOY A QUEREEER
COMO NO TE VOY A QUERER
COMO NO TE VOY A QUERER
SI TE LLEVO DENTRO DE MI CORAZON
SIEMPRE SIEMPRE TE SEGUIRE
NUNCA NUNCA TE DEJARE
PORQUE VAYAS DONDE VAYAS
VAYAS DONDE VAYAS CONTIGO ESTARE
Y DALE DALE DALE VOS
Y DALE DALE DALE VOS
Y DALE DALE DALE PASTO
DALE DALE PASTO DALE DALE VOS",,,,,Blog Attake Massivo Pasto & La Banda Tricolor,https://tricoloresbandapasto.blogspot.com/p/cantos.html#bloque-10,2026-09-01,,Copiado de texto público mediante extracción reproducible,166,requiere revisión: segmentación de fuente,,Sí,La página reúne varios cantos en un solo documento y su formato no delimita todos los bloques con la misma claridad; revisar la segmentación manualmente.
CAN0054,CLU004,Deportivo Pasto,SOY TRICOLOR,"SOY TRICOLOOOOR
SOY TRICOLOOOOR
SOY TRICOLOOOOR
DE LA CUNA
HASTA EL CAJON",,,,,Blog Attake Massivo Pasto & La Banda Tricolor,https://tricoloresbandapasto.blogspot.com/p/cantos.html#bloque-18,2026-09-01,,Copiado de texto público mediante extracción reproducible,12,requiere revisión: segmentación de fuente,,Sí,La página reúne varios cantos en un solo documento y su formato no delimita todos los bloques con la misma claridad; revisar la segmentación manualmente.
CAN0055,CLU004,Deportivo Pasto,TRICOLORES,"YO VENGO PARA DEMOSTRAR...
EL AMOR QUE YO SIENTO
LOCURA AGUANTE Y CARNAVAL
MAS QUE UN SENTIMIENTO
POR ESO YO LO DEJO TODO
Y ME VOY, ALENTAR AL TRICOLOR...
DALE DALE TRICOLOR
SOS LA DROGA Y MI PASION
ESTA TARDE (NOCHE) HAY QUE GANAR
LA HINCHADA TE VA ALENTAR",,,,,Blog Attake Massivo Pasto & La Banda Tricolor,https://tricoloresbandapasto.blogspot.com/p/cantos.html#bloque-17,2026-09-01,,Copiado de texto público mediante extracción reproducible,49,requiere revisión: segmentación de fuente,CAN0036,Sí,"La página reúne varios cantos en un solo documento y su formato no delimita todos los bloques con la misma claridad; revisar la segmentación manualmente.; Similitud alta conservada: CAN0036 (secuencia=0.960, vocabulario=0.927, longitud=0.961)"
CAN0056,CLU004,Deportivo Pasto,UNA FIESTA,"VAMOS PASTO VAMOS A GANAR
NUNCA TE VAMOS ABANDONAR
SOS MI LOCURA
SOS MI PASION
SIEMPRE ALENTANDO AL TRICOLOOOR
AL TRICOLOR
HEMOS PERDIDO LA RAZON
POR ALENTAR AL TRICOLOOOR
ES UNA FIESTAAA
LA HINCHADA TE QUIERE PEDIR
UN CAMPEONATO PARA DAR...
DE NUEVO LA VUELTAA",,,,,Blog Attake Massivo Pasto & La Banda Tricolor,https://tricoloresbandapasto.blogspot.com/p/cantos.html#bloque-11,2026-09-01,,Copiado de texto público mediante extracción reproducible,45,requiere revisión: segmentación de fuente,,Sí,La página reúne varios cantos en un solo documento y su formato no delimita todos los bloques con la misma claridad; revisar la segmentación manualmente.
CAN0057,CLU004,Deportivo Pasto,VAMOS DEPORTIVO,"TRAIGA UNA BOTELLA...
QUE ESTOY QUE ME ENTRO AL LIBERTAD
HACER UNA FIESTA...
CON BOMBO Y TROMPETA
SOY TRICOLOOOR
DALE DALE DALE DALE CAMPEON
DALE DALE DALE DALE CAMPEON
VAMOS TRICOLORES
ES POR LA FUERZA DEL AMOR QUE AL LIBERTAD YO SIEMPRE VENGO
Y NO ME IMPORTA SI VAS MAL O SI VAS BIEN NO ME DETENGO
DEL TRICOLOR ME ENAMORE YO SI LO SE NO TENGO DUDA
LOCURA AGUANTE Y CORAZON LO QUE MAS DOY SIN DUDA ALGUNA
SOY TRICOLOOOR
DALE DALE DALE DALE CAMPEON
DALE DALE DALE DALE CAMPEON
VAMOS TRICOLORES",,,,,Blog Attake Massivo Pasto & La Banda Tricolor,https://tricoloresbandapasto.blogspot.com/p/cantos.html#bloque-8,2026-09-01,,Copiado de texto público mediante extracción reproducible,93,requiere revisión: segmentación de fuente,,Sí,La página reúne varios cantos en un solo documento y su formato no delimita todos los bloques con la misma claridad; revisar la segmentación manualmente.
CAN0058,CLU004,Deportivo Pasto,VAMOS LOS TRICOLORES,"VAMOOS VAMOS LOS TRICOLORES
PONGAN HIUEVOS QUE HOY HAY QUE GANAR
VAMOOS VAMOS LOS TRICOLORES
QUE ESTA HINCHADA QUIERE FESTEJAR
TE VENGO A VER
TE VENGO ALENTAR
DONDE JUGUEZ HASTA EL FINAL
LA BANDA ESTA RELOCA
NADIE LA PUEDE PARAR
HO HOO!!
HAY QUE JUGAR
HAY QUE GANAR
PORQUE LA VUELTA VAMOS A DAR
Y A LOS VENDIDOS
HOY LOS VAMOS A MATAR
HO HOOO !!",,,,,Blog Attake Massivo Pasto & La Banda Tricolor,https://tricoloresbandapasto.blogspot.com/p/cantos.html#bloque-9,2026-09-01,,Copiado de texto público mediante extracción reproducible,65,requiere revisión: segmentación de fuente,,Sí,La página reúne varios cantos en un solo documento y su formato no delimita todos los bloques con la misma claridad; revisar la segmentación manualmente.
CAN0059,CLU004,Deportivo Pasto,YO SOY DEL PASTO,"SEÑORES YO SOY DEL PASTO
Y TENGO AGUANTE
YO SIGO AL SUPER DEPOR
POR TODAS PARTES
QUE EL PASTO ES UN SENTIMIENTO
QUE SE LLEVA EN EL CORAZÓN
LA SEGUNDA QUEREMOS PASTO
VAMOS CAMPEÓN
SALE EL CAMPEÓN
SALE EL CAMPEON
DALE CAMPEÓN
DALE CAMPEON.",,,,,Blog Attake Massivo Pasto & La Banda Tricolor,https://tricoloresbandapasto.blogspot.com/p/cantos.html#bloque-14,2026-09-01,,Copiado de texto público mediante extracción reproducible,44,requiere revisión: segmentación de fuente,,Sí,La página reúne varios cantos en un solo documento y su formato no delimita todos los bloques con la misma claridad; revisar la segmentación manualmente.
CAN0060,CLU005,Atlético Bucaramanga,Aguante como el Nuestro,"Aguante como el nuestro cada vez hay menos...
Que tiemble San Alonoso que llego la banda
Cantando con un vino y un porro en la mano...
no nos importa nada vamos a la cancha
Es la banda del leopardo locos enamorados
se eschucha en el Alfonso te siguen alentando
aguante como el nuestro no va morir jamas
como lo dice mi gente del leopardo se nace
con este sentimiento vamos a todas partes
aguante como el nuestro no va a morir jamas.",,,,,Barrabrava.net,https://barrabrava.net/atletico-bucaramanga/fortaleza-leoparda-sur/letra/aguante-como-el-nuestro/,2026-09-01,,Copiado de texto público mediante extracción reproducible,82,aceptado,,No,
CAN0061,CLU005,Atlético Bucaramanga,Al bucaros nunca lo he dejado,"Al bucaros nunca lo he dejado
siempre lo he alentado en la popular
la fortaleza la que te acompaña
y siempre y te sigue a donde tu vas
Todos los domingos desde la glorieta
despues de las 12 empezamos a alentar
pero los tombos siempre nos persiguen
y siempre con ellos nos toca frentear
Estamos todos desde la tribuna
diciendo que nunca te vamos a dejar
ganes o pierdas mi Bucaramanga
leopardo del alma te vamos a amar
Por eso juro que si yo me muero
allá desde el cielo te voy a alentar
y si reencarno sin ninguna duda
seré auriverde y fortín nada mas",,,,,Barrabrava.net,https://barrabrava.net/atletico-bucaramanga/fortaleza-leoparda-sur/letra/al-bucaros-nunca-lo-he-dejado/,2026-09-01,,Copiado de texto público mediante extracción reproducible,106,aceptado,,No,Duplicado exacto también localizado en Barrabrava.net: https://barrabrava.net/atletico-bucaramanga/fortaleza-leoparda-sur/letra/estamos-todos-desde-la-tribuna/
CAN0062,CLU005,Atlético Bucaramanga,"Bucaramanga es, es el veneno mas mortal","Bucaramanga es, es el veneno mas mortal
que aunque duele al pasar jamás tu lo podrás dejar
mil veces y una mas juraste no volverlo a ver
pero es una ilusión que nunca dejas de creer
vamos vamos vamos vamos vamos a ganar
vamos bucaramanga yo siempre te voy a amar (x2)",,,,,Barrabrava.net,https://barrabrava.net/atletico-bucaramanga/fortaleza-leoparda-sur/letra/bucaramanga-es-es-el-veneno-mas-mortal/,2026-09-01,,Copiado de texto público mediante extracción reproducible,52,aceptado,,No,
CAN0063,CLU005,Atlético Bucaramanga,Como te va indio,"Como te va indio
como te va
indio hijueputa
te saluda tu papá
aguante no tenes
siempre corres
el de los patios no lo volverás a ver",,,,,Barrabrava.net,https://barrabrava.net/atletico-bucaramanga/fortaleza-leoparda-sur/letra/como-te-va-indio/,2026-09-01,,Copiado de texto público mediante extracción reproducible,27,aceptado,,No,
CAN0064,CLU005,Atlético Bucaramanga,Cuando te vi me enamore,"Cuando te vi me enamore
desde pequeño te vengo a ver
a donde vas voy a alentar
sin el leopardo
no se que es amar
Oh dale dale Bucaros
yo te llevo en el corazon
ganes o pierdas
el sentimiento que hay en mi
yo ya no lo puedo sacar de la cabeza",,,,,Barrabrava.net,https://barrabrava.net/atletico-bucaramanga/fortaleza-leoparda-sur/letra/cuando-te-vi-me-enamore/,2026-09-01,,Copiado de texto público mediante extracción reproducible,53,aceptado,,No,
CAN0065,CLU005,Atlético Bucaramanga,Es la banda que te alienta,"Es la banda que te alienta
es la banda de las kumbias
la que tiene mas aguante
la que canta con locura
no me importa donde juegues
no me importa el resultado
porque a mi lo que me mueve
es seguirte a todos lados
¡Ay AB! ¿que daría?
Yo por ti hasta mi vida
la Fortaleza presente
te alentará hasta la muerte
Ay vamos vamos auriverde
hoy hay que ganar (x2)",,,,,Barrabrava.net,https://barrabrava.net/atletico-bucaramanga/fortaleza-leoparda-sur/letra/es-la-banda-que-te-alienta/,2026-09-01,,Copiado de texto público mediante extracción reproducible,71,aceptado,,No,
CAN0066,CLU005,Atlético Bucaramanga,Ganar o perder nunca importó,"Dónde estás corazón (Los del fuego)
Estrofa:
Te sigo a cada cancha que vas a jugar
Llevando a todas partes nuestro carnaval
Ganar libertadores es nuestra ilusión
Te aliento con las fuerzas de mi corazón
Leopardo yo te vengo a alentar
Tu hinchada es distinta a las demás
Auriverde te amo de verdad
Coro:
El tiempo que pasamos en la B
Yo siempre estuve loco por volver
Ganar o perder nunca importó
En las buenas y malas voy a estar
La banda nunca te va a abandonar
Esta hinchada quiere ser campeón",,,,,Barrabrava.net,https://barrabrava.net/atletico-bucaramanga/fortaleza-leoparda-sur/letra/ganar-o-perder-nunca-importo/,2026-09-01,,Copiado de texto público mediante extracción reproducible,92,aceptado,,No,
CAN0067,CLU005,Atlético Bucaramanga,Hoy Auriverde Hay Que Ganar,"Hoy Auriverde hay que ganar
No podemos perder
No te deja de alentar
La banda te vino a ver
Voy a la cancha descontrolado
Ganes o pierdas a todos lados
Te entrego todo mi corazón
Daría la vida por ser campeón
Hoy Auriverde hay que ganar
No podemos perder
No te deja de alentar
La banda te vino a ver
Voy a la cancha descontrolado
Ganes o pierdas a todos lados
Te entrego todo mi corazón
Daría la vida por ser campeón",,,,,Barrabrava.net,https://barrabrava.net/atletico-bucaramanga/fortaleza-leoparda-sur/letra/hoy-auriverde-hay-que-ganar/,2026-09-01,,Copiado de texto público mediante extracción reproducible,82,aceptado,,No,
CAN0068,CLU005,Atlético Bucaramanga,"Loco estoy, loco por tu amor","Loco estoy, loco por tu amor
Loco por verte campeón
Una estrella dale bucaros
Yo te aliento siempre con pasión",,,,,Barrabrava.net,https://barrabrava.net/atletico-bucaramanga/fortaleza-leoparda-sur/letra/loco-estoy-loco-por-tu-amor/,2026-09-01,,Copiado de texto público mediante extracción reproducible,20,aceptado,,No,
CAN0069,CLU005,Atlético Bucaramanga,Tenemos Que Ganar,"Pongan Huevos, Huevos Bucaramanga
Pongan Huevos, Huevos sin Cesar
Esta tarde Cueste lo que Cueste
Cueste lo que Cueste
Tenemos Que Ganar",,,,,Barrabrava.net,https://barrabrava.net/atletico-bucaramanga/fortaleza-leoparda-sur/letra/tenemos-que-ganar/,2026-09-01,,Copiado de texto público mediante extracción reproducible,22,aceptado,,No,
CAN0070,CLU005,Atlético Bucaramanga,Cántico 1 (Fortaleza Leoparda),"POR MAS QUE QUIERAN SACARNOS DE NUESTRO LUGAR
Y PIENSE QUE SOLO SOMOS UN PUÑADO DE IDIOTAS
YA NO PODRAN QUITARNOS LO QUE HICIMOS YA
AHORA SOMOS MAS FORTINES QUE ANTES
YA NO PODRAS MIRARNOS AL OJOS MAS
NOSOTROS FORTINES POR QUE SOLO ESTAS
POR MAS QUE QUIERAN CALLAR TODA NUESTRA VOZ
NUNCA PODRAN CALMAR ESTA PASION
VAAAAAAAAMOS GRITEN VAMOS
BUCARAMANGUITA VAMOS",,,,,Fortaleza Leoparda (4mg),http://www.fortaleza.4mg.com/canticos.htm#cantico-1,2026-09-01,,Copiado de texto público mediante extracción reproducible,62,aceptado,,No,
CAN0071,CLU005,Atlético Bucaramanga,Cántico 10 (Fortaleza Leoparda),"(Música de
Los Fantasmas del Caribe)
VAMOS LEOPARDOS,
HAY QUE PONER MAS HUEVOS,
POR QUE ESTA HINCHADA,
GANES O PIERDAS TE ALENTAREMOS
DESDE CHIQUITO YO TENGO A VER
Y ME PERSIGUE LA POLICIA
NO SE HASTA CUANDO ME VAN A JODER
NO SE DAN CUENTA QUE TU ERES MI",,,,,Fortaleza Leoparda (4mg),http://www.fortaleza.4mg.com/canticos.htm#cantico-10,2026-09-01,,Copiado de texto público mediante extracción reproducible,49,aceptado,,No,
CAN0072,CLU005,Atlético Bucaramanga,Cántico 11 (Fortaleza Leoparda),"LOCO, LOCO, LOCO ENOMARADO
LOCO, LOCO, LOCO ATOLONDRADO
SE MUEVE SE MUEVE SE MUEVE ESTA DESCONTRALADA,
LA BANDA
SE MUEVE SE MUEVE SE MUEVE ESTA DE MAL DE LA CABEZA,
LA HINCHADA",,,,,Fortaleza Leoparda (4mg),http://www.fortaleza.4mg.com/canticos.htm#cantico-11,2026-09-01,,Copiado de texto público mediante extracción reproducible,32,aceptado,,No,
CAN0073,CLU005,Atlético Bucaramanga,Cántico 12 (Fortaleza Leoparda),"(MUSICA YELLOW SUBMARINE.)
ESTA HINCHADA MORIRA POR AMARTE SIN PARAR Y
AUNQUE NOS QUIERAN CALLAR, SIEMPRE TE VAMOS A ALENTAR VAMOS BUCAROS VAMOS A
GANAR. VAMOS A GANAR, VAMOS A GANAR",,,,,Fortaleza Leoparda (4mg),http://www.fortaleza.4mg.com/canticos.htm#cantico-12,2026-09-01,,Copiado de texto público mediante extracción reproducible,31,aceptado,,No,
CAN0074,CLU005,Atlético Bucaramanga,Cántico 13 (Fortaleza Leoparda),"VAMOS VAMOS AURIVERDE DAME UNA ALEGRIA QUIERO SER
CAMPEON SABES TODO LO QUE SIENTO , YO TE LLEVO ADENTRO DE MI CORAZON.",,,,,Fortaleza Leoparda (4mg),http://www.fortaleza.4mg.com/canticos.htm#cantico-13,2026-09-01,,Copiado de texto público mediante extracción reproducible,21,aceptado,,No,
CAN0075,CLU005,Atlético Bucaramanga,Cántico 14 (Fortaleza Leoparda),"NO ME AGRADEZCAS BUCARAMANGA TODAS LAS GRACIAS
SON PARA VOS POR SER EQUIPO DUEÑO DE MI ALMA, TE ADORO CON EL CORAZON",,,,,Fortaleza Leoparda (4mg),http://www.fortaleza.4mg.com/canticos.htm#cantico-14,2026-09-01,,Copiado de texto público mediante extracción reproducible,22,aceptado,,No,
CAN0076,CLU005,Atlético Bucaramanga,Cántico 15 (Fortaleza Leoparda),"OOO LEOPARDO, TE LLEVO EN EL CORAZON, LA HINCHADA
QUIERE EL CAMPEONATO, TIENES QUE SALIR CAMPEON.
COMO NO TE VOY A QUERER, COMO NO TE VOY A QUERER,
SI ERES MI EQUIPO DEL ALMA, Y ESTAR CONTIGO ES MI PASION.",,,,,Fortaleza Leoparda (4mg),http://www.fortaleza.4mg.com/canticos.htm#cantico-15,2026-09-01,,Copiado de texto público mediante extracción reproducible,40,aceptado,,No,
CAN0077,CLU005,Atlético Bucaramanga,Cántico 16 (Fortaleza Leoparda),"AUNQUE SE BURLEN DE MI YO MORIRÉ POR TI , YO
MORIRÉ POR TI , GANES O PIERDAS QUE MAS DA YO MORIRÉ POR TI (BIS).
HE LLEGADO
HASTA AQUÍ Y QUIERO SEGUIR DANDOTE TODO MI AMOR YO MORIRÉ POR TY YO MORIRÉ POR TI
LUCHANDO SIEMPRE HASTA EL FIN YO MORIRÉ POR TY (BIS),
SIN IMPORTAR SI ERES CAMPEÓN YO MORIRÉ
POR TY , (BIS), E LLEGADO HASTA AQUI Y QUIERO SEGUIR DANDOTE TODO MI AMOR , YO
MORIRÉ POR TY , (BIS) .
LUCHANDO SIEMPRE HASTA EL FIN YO MORIRÉ
POR TY (BIS).SIN IMPORTAR SI ERES CAMPEÓN YO MORIRE POR TY (BIS)",,,,,Fortaleza Leoparda (4mg),http://www.fortaleza.4mg.com/canticos.htm#cantico-16,2026-09-01,,Copiado de texto público mediante extracción reproducible,99,aceptado,,No,
CAN0078,CLU005,Atlético Bucaramanga,Cántico 17 (Fortaleza Leoparda),"RITMO LA
CHUTA 2 MINUTOS
.EN EL ALFONSO HAY UNA INCHADO LOCA QUE ESTE AÑO
QUIERE GANAR LA COPA, LOS DOMINGOS ALIENTAN A SU EQUIPO Y EL MASTURBIO YA NO
NOS DA NI UN BRINCO, LA POLICIA NO PARA DE JODER POR QUE A EL LEOPARDO LO
QUIEREN RETENE, EL MASTURBIO NO PARA DE CORRER A ESOS HIJOS DE PUTA LOS VAMOS A
JODER , ESTA HINCHADA ES LA QUE VA A ALENTARLA DE MAS AGUENTE AGUANTE DE VERDAD
A TODO VISITANTE LO VAMOS A MATAR QUE VENGAN LOS QUE VENGAN LOS VAMOS A KEBRAR.",,,,,Fortaleza Leoparda (4mg),http://www.fortaleza.4mg.com/canticos.htm#cantico-17,2026-09-01,,Copiado de texto público mediante extracción reproducible,94,aceptado,,No,
CAN0079,CLU005,Atlético Bucaramanga,Cántico 18 (Fortaleza Leoparda),"POLICIA, POLICIA,
QUE ASUSTADO SE TE VE,
CUANDO VIENES AL ESTADIO,
QUIEN SE COME A TU MUJER.",,,,,Fortaleza Leoparda (4mg),http://www.fortaleza.4mg.com/canticos.htm#cantico-18,2026-09-01,,Copiado de texto público mediante extracción reproducible,17,aceptado,,No,
CAN0080,CLU005,Atlético Bucaramanga,Cántico 2 (Fortaleza Leoparda),"(RITMO LA GUITARRA, AUNTENTICOS DECADENTES)
POR QUE YO TE QUIERO DE VERDAD,
TE SIGO A DONDE VAS,
A DONDE QUIERAS IR,
EL SENTIMIENTO, NO SE COMPRA NI SE VENDE,
YO SOY LEOPARDO Y AURIVERDE HASTA LA MUERTE",,,,,Fortaleza Leoparda (4mg),http://www.fortaleza.4mg.com/canticos.htm#cantico-2,2026-09-01,,Copiado de texto público mediante extracción reproducible,37,aceptado,,No,
CAN0081,CLU005,Atlético Bucaramanga,Cántico 3 (Fortaleza Leoparda),"MIRA ESA BARRA, QUE PORQUERIA
LOS ESPERAMOS EN LA ESQUINA A LA SALIDA",,,,,Fortaleza Leoparda (4mg),http://www.fortaleza.4mg.com/canticos.htm#cantico-3,2026-09-01,,Copiado de texto público mediante extracción reproducible,13,aceptado,,No,
CAN0082,CLU005,Atlético Bucaramanga,Cántico 4 (Fortaleza Leoparda),"OIGAN SEÑORES QUE SOY LEOPARDO Y TENGO AGUANTE
Y SIGO A BUCARAMANGUITA POR TODAS PARTES
ES UN SENTIMIENTO QUE SE LLEVA EN EL CORAZON
YO DARIA TODA MI VIDA POR SER CAMPEON
VAMOS LEOPARDOS, VAMOS LEOPARDOS,
VAMOS LEOPARDOS, VAMOS LEOPARDOS.",,,,,Fortaleza Leoparda (4mg),http://www.fortaleza.4mg.com/canticos.htm#cantico-4,2026-09-01,,Copiado de texto público mediante extracción reproducible,40,aceptado,,No,
CAN0083,CLU005,Atlético Bucaramanga,Cántico 5 (Fortaleza Leoparda),"RITMO (CANCION DE AMOR, 2MINUTOS)
YO QUE ESTOY ENAMORADO DE VOS,
DESDE HACE MUCHO TIEMPO,
GRITO Y SALTO CUANDO GANAS,
PERO TAMBIEN LLORO CUANDO PIERDES,
MUCHAS VECES HE SUFRIDO POR VOS,
PERO SIGO FIRME A TU LADO,
SIEMPRE TE HE SIDO FIEL,
Y HASTA EL FIN DEL MUNDO TE QUERRE
LEOPARDOS YO TE QUIERO, LEOPARDOS YO TE ADORO,
LEOPARDOS YO TE QUIERO, LEOPARDOS YO TE ADORO,",,,,,Fortaleza Leoparda (4mg),http://www.fortaleza.4mg.com/canticos.htm#cantico-5,2026-09-01,,Copiado de texto público mediante extracción reproducible,66,aceptado,,No,
CAN0084,CLU005,Atlético Bucaramanga,Cántico 6 (Fortaleza Leoparda),"LAAAALALALALA LAAALA
LAAAALALALALA LAAALA
QUE YO, QUE YO, QUE YO QUIERO MORIRME,
QUE YO, QUE YO, QUE YO QUIERO MORIRME ACA,
QUE YO, QUE YO, QUE YO QUIERO MORIRME,
QUE YO, QUE YO, QUE YO QUIERO MORIRME ACA,
POR MI EQUIPO, BUCARAMANGA,
DE CORAZON, TE SIGO HASTA EL FINAL
POR MI EQUIPO, BUCARAMANGA,
DE CORAZON, TE SIGO HASTA EL FINAL
HEY, HEY, HEY, HEY, HEY, HEY, HEY.",,,,,Fortaleza Leoparda (4mg),http://www.fortaleza.4mg.com/canticos.htm#cantico-6,2026-09-01,,Copiado de texto público mediante extracción reproducible,67,aceptado,,No,
CAN0085,CLU005,Atlético Bucaramanga,Cántico 7 (Fortaleza Leoparda),"RITMO (CALZONES ROTOS, NO TE CALLES)
GRITA, SALTA, LLORA, DALE CON BUCAROS OOOOOO
GRITA, SALTA, LLORA, DALE CON BUCAROS OOOOOO",,,,,Fortaleza Leoparda (4mg),http://www.fortaleza.4mg.com/canticos.htm#cantico-7,2026-09-01,,Copiado de texto público mediante extracción reproducible,20,aceptado,,No,
CAN0086,CLU005,Atlético Bucaramanga,Cántico 8 (Fortaleza Leoparda),"POR MI EQUIPO, Y MI BANDERA,
EN LAS GRADAS MORIRE,
SOY LEOPARDO, PARA SIEMPRE,
Y POR SIEMPRE, TE QUERRE,
CON HONOR, Y CON ORGULLO,
TUS COLORES, DEFENDERE,
VISITANTES DE LA MIERDA,
POR EL CULO LES DARE.",,,,,Fortaleza Leoparda (4mg),http://www.fortaleza.4mg.com/canticos.htm#cantico-8,2026-09-01,,Copiado de texto público mediante extracción reproducible,36,aceptado,,No,
CAN0087,CLU005,Atlético Bucaramanga,Cántico 9 (Fortaleza Leoparda),"NO ME IMPORTA LO QUE DIGAN,
LO QUE DIGAN LOS DEMAS,
YO TE SIGO A TODAS PARTES,
Y CADA DIA TE QUIERO MAS.",,,,,Fortaleza Leoparda (4mg),http://www.fortaleza.4mg.com/canticos.htm#cantico-9,2026-09-01,,Copiado de texto público mediante extracción reproducible,23,aceptado,,No,
CAN0088,CLU006,Atlético Nacional,A mi me volvió loco ser de Nacional,"A mi me volvió loco ser de NACIONAL
en la cancha que juegue siempre voy a estar
yo soy del verde desde que nací
y yo del verde me voy a morir
el dia que me muera me vas a escuchar
porque yo desde arriba te voy alentar
soy verdolaga y esa es mi pasión
es la alegría de mi corazón.",,,,,Barrabrava.net,https://barrabrava.net/atletico-nacional/los-del-sur/letra/a-mi-me-volvio-loco-ser-de-nacional/,2026-09-01,,Copiado de texto público mediante extracción reproducible,61,aceptado,,No,
CAN0089,CLU006,Atlético Nacional,"Al campeón, yo lo llevo en el corazón","Al campeón yo lo llevo en el corazón
Vos campeón sos mi vida mi gran pasión
Porque la vuelta vamo a dar
Y con la hinchada festejar
VAMOS NACIONAL",,,,,Barrabrava.net,https://barrabrava.net/atletico-nacional/los-del-sur/letra/al-campeon-yo-lo-llevo-en-el-corazon/,2026-09-01,,Copiado de texto público mediante extracción reproducible,29,aceptado,,No,
CAN0090,CLU006,Atlético Nacional,Campeón al Chapecoense,"Que se escuche,
en todo el continente,
siempre recordaremos,
campeón al Chapecoense",,,,,Barrabrava.net,https://barrabrava.net/atletico-nacional/los-del-sur/letra/campeon-al-chapecoense/,2026-09-01,,Copiado de texto público mediante extracción reproducible,12,aceptado,,No,
CAN0091,CLU006,Atlético Nacional,Cantemos Sureños,"Somos los verdolagas
Ya todos sabeen
Mi pueblo lleva al verde
En su corazon
Nadie iguala la hinchada
Del verdolagaaa
Llora rojo hp
Por maricoooon
Cantemos sureños
Que la vuelta vamos a dar
Tomando cerveza
Todos vamo' a festejar",,,,,Barrabrava.net,https://barrabrava.net/atletico-nacional/los-del-sur/letra/cantemos-surenos/,2026-09-01,,Copiado de texto público mediante extracción reproducible,39,aceptado,,No,
CAN0092,CLU006,Atlético Nacional,Cuando Canta La Sur,"Cuando canta la Sur
Cuando canta un Sureño
Palpita el corazón
De mi pueblo Antioqueño
Vamos mi Nacional
Aqui siempre estaremos
La Sur canta para vos
Y vamo' a salir primeros",,,,,Barrabrava.net,https://barrabrava.net/atletico-nacional/los-del-sur/letra/cuando-canta-la-sur/,2026-09-01,,Copiado de texto público mediante extracción reproducible,31,aceptado,,No,
CAN0093,CLU006,Atlético Nacional,Cuando Yo Me Muera,"Cuando yo me muera
Yo quiero que mi cajon
Lo pinten de Verde y Blanco
Igual que mi Corazón...
Cuando yo me muera
No me vallan a llorar
Porque yo nací del Verde
Y el Verde es Felicidad
Salta la tribuna late el corazón
Vamos Verdolaga quiero ser Campeón
Y vamos los Verdes siempre voy a estar
Porque ni la muerte nos va a separar",,,,,Barrabrava.net,https://barrabrava.net/atletico-nacional/los-del-sur/letra/cuando-yo-me-muera/,2026-09-01,,Copiado de texto público mediante extracción reproducible,65,aceptado,,No,
CAN0094,CLU006,Atlético Nacional,Dale ve que quiero festejar,"Dale ve que quiero festejar
te sigo a todas partes visitante o local
vos haces latir los corazones de Antioquia
mi pueblo y sus colores
dale dale verde dale mi verde
dale ve dale ve
dale dale verde dale mi verde
dale ve dale ve",,,,,Barrabrava.net,https://barrabrava.net/atletico-nacional/los-del-sur/letra/dale-ve-que-quiero-festejar/,2026-09-01,,Copiado de texto público mediante extracción reproducible,45,aceptado,,No,
CAN0095,CLU006,Atlético Nacional,De la cuna hasta el cajon,"yo recuerdo la primer dia que vine a verte
mi cucho estaba orgulloso por verme de verde
de la cuna asta el cajon
toda mi vida con esta pasion
ahora sueño que mis hijos tambien canten esta cancion",,,,,Barrabrava.net,https://barrabrava.net/atletico-nacional/los-del-sur/letra/de-la-cuna-hasta-el-cajon/,2026-09-01,,Copiado de texto público mediante extracción reproducible,38,aceptado,,No,
CAN0096,CLU006,Atlético Nacional,Dejo todo por verte,"dejo todo por verte te sigo a todos lados,
verde aquí esta tu gente
que nunca te ha fallado
yo vengo desde que era un niño
cada día que pasa te quiero mas...",,,,,Barrabrava.net,https://barrabrava.net/atletico-nacional/los-del-sur/letra/dejo-todo-por-verte/,2026-09-01,,Copiado de texto público mediante extracción reproducible,33,aceptado,,No,
CAN0097,CLU006,Atlético Nacional,Desde La cuna hasta el cajón,"Yo recuerdo el primer día que vine a verte
Mi cucho estaba orgulloso por verme de verde
De la cuna hasta el cajón
Toda mi vida con esta pasión
Esto de ser del verde no se puede entender
Porque es un sentimiento,que me hace enloquecer
Y vamos verdolaga, la vuelta quiero dar,
Cantar con los parceros y juntos festejar
Va, vamos nacional te vine alentar
En la buena y la mala voy a estar
Vamos los verdolagas dejen todo en la cancha
Esta es tu tribuna en carnaval!",,,,,Barrabrava.net,https://barrabrava.net/atletico-nacional/los-del-sur/letra/desde-la-cuna-hasta-el-cajon/,2026-09-01,,Copiado de texto público mediante extracción reproducible,89,aceptado,,No,
CAN0098,CLU006,Atlético Nacional,El Cielo Puede Esperar,"Despertas Y Ya Sabes
No Es Un Dia Mas!!
Es Un Diaa Especial
Yo No Se Donde Esta... La Felicidad
Pero La Voy A Encontraar
Porq Hay Un Lugar En Mi Corazon
Q Se Lo Robo Un Amor
Jueeegaa El Veerde Y Si Muero Hoy
El Cieeelo Puede Esperar",,,,,Barrabrava.net,https://barrabrava.net/atletico-nacional/los-del-sur/letra/el-cielo-puede-esperar/,2026-09-01,,Copiado de texto público mediante extracción reproducible,49,aceptado,,No,
CAN0099,CLU006,Atlético Nacional,En el Cielo alentando está la Banda Inmortal,"Vamos vamos vamos vamos vamos vamos Verde
Vamos vamos vamos vamos vamos Nacional
Vamos mi Verde que arriba en el cielo
Alentando esta la Banda Inmortal",,,,,Barrabrava.net,https://barrabrava.net/atletico-nacional/los-del-sur/letra/en-el-cielo-alentando-esta-la-banda-inmortal/,2026-09-01,,Copiado de texto público mediante extracción reproducible,26,requiere revisión: similitud,CAN0102 | CAN0168,Sí,"Similitud alta conservada: CAN0102 (secuencia=0.885, vocabulario=0.706, longitud=1.000) | CAN0168 (secuencia=0.880, vocabulario=0.812, longitud=0.923)"
CAN0100,CLU006,Atlético Nacional,En la tribuna canta la hinchada,"En la tribuna canta la hinchada
Mientras el verde deja todo en la cancha
El sentimiento
Se hace mas grande por eso mi verde no dejo de amarte
Y aunque haya gente que no nos quiera
Yo seré del verde hasta que me muera
Vamos verdolaga hacerlo por tu hinchada
Que siempre te alienta
Y te lleva en el alma. (bis)",,,,,Barrabrava.net,https://barrabrava.net/atletico-nacional/los-del-sur/letra/en-la-tribuna-canta-la-hinchada/,2026-09-01,,Copiado de texto público mediante extracción reproducible,61,aceptado,,No,
CAN0101,CLU006,Atlético Nacional,Juntos como antes,"Vamos Nacional hoy venimos todos a alentarte
Sos mi pasión , yo he venido al mundo para amarte amarte y amarte.
Que lo escuchen bien los jugadores dejen todo por estos colores
Sírvame otra copa y más cerveza
Vamos todos juntos como antes
Bajan ya los combos de los barrios
Vienen caminando hacia el estadio
Todo para verte a vos
Vamos Verdolaga , aquí está tu hinchada
La que siempre alienta, no le importa nada
Venimos a verte, dejamos el alma
Somos los sureños, decimos presente en la buena y en la mala.",,,,,Barrabrava.net,https://barrabrava.net/atletico-nacional/los-del-sur/letra/juntos-como-antes/,2026-09-01,,Copiado de texto público mediante extracción reproducible,91,aceptado,,No,
CAN0102,CLU006,Atlético Nacional,La banda Inmortal,"Vamos vamos vamos vamos vamos vamos Verdee
Vamos vamos vamos vamos vamos Nacionaal
Vamos mi Verde que arriba en el cielo
Alentando esta la Banda Inmortaal",,,,,Barrabrava.net,https://barrabrava.net/atletico-nacional/los-del-sur/letra/la-banda-inmortal/,2026-09-01,,Copiado de texto público mediante extracción reproducible,26,requiere revisión: similitud,CAN0099,Sí,"Similitud alta conservada: CAN0099 (secuencia=0.885, vocabulario=0.706, longitud=1.000)"
CAN0103,CLU006,Atlético Nacional,La de honor verdadero,"Esta es la verdolaga, la de honor verdadero
La que todos los años sale siempre primero
La que va caminando hasta el gallinero,
la que cuelga los trapos en el pascual guerrero
Porque no tiene miedo",,,,,Barrabrava.net,https://barrabrava.net/atletico-nacional/los-del-sur/letra/la-de-honor-verdadero/,2026-09-01,,Copiado de texto público mediante extracción reproducible,36,aceptado,,No,
CAN0104,CLU006,Atlético Nacional,"Llora rojo, Lloren Todos","Verde doy todo por verte
Verde juegues donde juegues
verde no me importa nada mas
rojo corres en todos lados
millos no venis a Medallo
A esta Hinchada vos nunca te le paras (Nunca nunca nunca)
Cuantas veces han lloradoo
Solo saben corre y nada mas...
Llega descontrolada la Hinchada de Nacional
Es la pasión mas Grande Sentimiento Popular
La que llena estadios el Pascual y el Campin
Tomar mucha cerveza Soy Del Verde Soy Feliz...Soy Feliz....",,,,,Barrabrava.net,https://barrabrava.net/atletico-nacional/los-del-sur/letra/llora-rojo-lloren-todos/,2026-09-01,,Copiado de texto público mediante extracción reproducible,78,aceptado,,No,
CAN0105,CLU006,Atlético Nacional,Me contó el Abuelo Que en el año 81,"Me contó el Abuelo
Que en el año 81
En una finaaal
Abandonaste
Que vieron al diablo
Corriendo de miedo
Porque Nacionaaal
Es el más GRANDE
No sos nada, rojo cuál es tu grandeza
Que vergüenza tu hinchada y tus jugadores
Que dejaron ir a la B tus colores
Se cagaron siempre en la Libertadores",,,,,Barrabrava.net,https://barrabrava.net/atletico-nacional/los-del-sur/letra/me-conto-el-abuelo-que-en-el-ano-81/,2026-09-01,,Copiado de texto público mediante extracción reproducible,55,aceptado,,No,
CAN0106,CLU006,Atlético Nacional,Me enamore de ti,"VERDOLAGAAA por siempre voy a ser,
VERDOLAGAAA yo te quiero, te quiero nacional.
siempre te vengo a alentar,
siiii, tuu hinchada ya te lo demostro,
que aunque pierdas siempre estara con vos,
mucha gente defiende esta pasion,
te llevamos en el corazon,
NACIONAL ME ENAMORE DE TI,
tus colores,
el pueblo en que naci,
desde niño mi viejo me enseño,
que es eterna mi pasion por vos,
NACIONAAAL hoy te he venido a ver,
NACIONAAAL hoy no podes perder,
esta hinchada da la vida por vos,
NACIONAL DALE CAMPEON.",,,,,Barrabrava.net,https://barrabrava.net/atletico-nacional/los-del-sur/letra/me-enamore-de-ti/,2026-09-01,,Copiado de texto público mediante extracción reproducible,89,aceptado,,No,
CAN0107,CLU006,Atlético Nacional,Mi Juramento Para Ti,"Yo quiero estar cerca de ti, hoy vine a verte
A todos lados voy por ti, te quiero verde.
Yo quiero estar cerca de ti, hoy vine a verte
Mi juramento para ti, siempre presente.
Este amor es una locura
Sos lo más grande, no hay duda
Siempre te vengo a ver
Vamos mi verde
Quiero que sepas que te quiero
Por este amor me muero
Te doy toda mi vida y sin condición
Quiero que demos otra vuelta
Que en Colombia se sepa
Que somos los más grandes, más veces campeón",,,,,Barrabrava.net,https://barrabrava.net/atletico-nacional/los-del-sur/letra/mi-juramento-para-ti/,2026-09-01,,Copiado de texto público mediante extracción reproducible,92,aceptado,,No,
CAN0108,CLU006,Atlético Nacional,Mi pasión es grande,"Me tenes descontrolado
Por el verde loco estoy
Vos sos grande rey de copas
sos el eterno campeon
Y mi pasion es grande fecha tras fecha vengo a alentar
para que el verdolaga dure hasta la eternidaad
Por que vos estas clavado
dentro de mi coraazon
ya aunque vos jugues lejos
siempre te sigo campeon
Sos el orgullo paisa
que a Colombia hace feliz
de poder dar la vuelta
y con la hinchada compartir...",,,,,Barrabrava.net,https://barrabrava.net/atletico-nacional/los-del-sur/letra/mi-pasion-es-grande/,2026-09-01,,Copiado de texto público mediante extracción reproducible,74,aceptado,,No,
CAN0109,CLU006,Atlético Nacional,Mis abuelos me enseñaron a quererte a alentarte,"Mis abuelos me enseñaron a quererte a alentarte y a seguirte hasta la muerte
De pela'o me trajeron a la cancha con los bombos las banderas y avalanchas
Y mi cucho me decia en el estadio...
Que debiamos odiar a Millonarios
A los del rojo en todas partes los corremos...
Tengo aguante voy al frente y soy Sureño
Vamos verdolaga que tenes que dar la vida...
Vamos verdolaga dame una alegria
Verdolaga...Verdolaga...Verdolaga",,,,,Barrabrava.net,https://barrabrava.net/atletico-nacional/los-del-sur/letra/mis-abuelos-me-ensenaron-a-quererte-a-alentarte/,2026-09-01,,Copiado de texto público mediante extracción reproducible,74,aceptado,,No,
CAN0110,CLU006,Atlético Nacional,Muchas veces me rompí la voz,"muchas veces me rompí la voz
alentándote de corazón
mas allá de la razón
sos mi vida, vos sos mi pasión
y dale dale ve y dale verde
y dale dale ve y dale verde
y dale dale ve y dale verde
y dale dale ve y dale verde.",,,,,Barrabrava.net,https://barrabrava.net/atletico-nacional/los-del-sur/letra/muchas-veces-me-rompi-la-voz/,2026-09-01,,Copiado de texto público mediante extracción reproducible,49,aceptado,,No,
CAN0111,CLU006,Atlético Nacional,Nacional el orgullo de mi ciudad,"Nacional el orgullo de mi ciudad
es local en la capital y en todo el país!
ven a compartir esta alegría de vivir
el sentimiento que otros no pueden sentir
hay millonarios cagon, nunca lo entenderás
porque aunque quieras tu hinchada no nos va a igualar
dale ve, dale y dale, dale ve dale y dale, dale ve dale y dale ve.
dale ve, dale y dale, dale ve dale y dale, dale ve dale y dale ve.",,,,,Barrabrava.net,https://barrabrava.net/atletico-nacional/los-del-sur/letra/nacional-el-orgullo-de-mi-ciudad/,2026-09-01,,Copiado de texto público mediante extracción reproducible,78,aceptado,,No,
CAN0112,CLU006,Atlético Nacional,Nunca pero nunca verde te abandonaremos,"Vamos vamos verde
Esta es tu hinchada de siempre
Quiero volver a verte
Y seguirte hasta la muerte
Verdolaga yo te quiero
Nunca pero nunca
Verde te abandonaremos
Nunca pero nunca
Verde te abandonaremos",,,,,Barrabrava.net,https://barrabrava.net/atletico-nacional/los-del-sur/letra/nunca-pero-nunca-verde-te-abandonaremos/,2026-09-01,,Copiado de texto público mediante extracción reproducible,34,aceptado,,No,
CAN0113,CLU006,Atlético Nacional,Oh vamos verdolaga,"Alerta que llegamos los sureños
Con los bombos, las banderas
Con el corazón de Andrés.
Tranquilo abra paso ahí en el medio
Mientras entran los muchachos con todo su carnaval
El estadio se pone de pie
Ya se alistan todos pa’ alentar
Jugadores escúchenlo bien
Todos juntos vamos a cantar...
Oh vamos verdolaga...
Oh vamos verdolaga...
Oh vamos verdolaga...
Oh vamos verdolaga...",,,,,Barrabrava.net,https://barrabrava.net/atletico-nacional/los-del-sur/letra/oh-vamos-verdolaga/,2026-09-01,,Copiado de texto público mediante extracción reproducible,62,aceptado,,No,
CAN0114,CLU006,Atlético Nacional,"Para salir campeones, hay que poner mas","Ya vas a ver una barra
que es la mas loca de todaaaas
que sigue siempre a los verdes
Yo quiero ganar la copa
Para salir campeones
hay que poner mas
huevoss hueevoos
para salir campeones
hay que poner mas hueevoooos",,,,,Barrabrava.net,https://barrabrava.net/atletico-nacional/los-del-sur/letra/para-salir-campeones-hay-que-poner-mas/,2026-09-01,,Copiado de texto público mediante extracción reproducible,41,aceptado,,No,
CAN0115,CLU006,Atlético Nacional,Pobre diablo,"Pobre diablo... Se dice que se ha visto por la calle llorando.. llorando pues su nombre perdió con sus trapos, Pobre diablo! Que descendió en san Fernando.
Pobre diablo... Se dice que se ha visto por la calle llorando.. llorando pues su nombre perdió con sus trapos, Pobre diablo! Que descendió en san Fernando.
Rojo el fantasma de fué a buscar! No me voy a olvidar, que te Vi descender 5 años en la B...
Peleabas la promoción y me veías campeón, tu hinchada te abandonó mientras me viste en Japón
Pobre diablo... Se dice que se ha visto por la calle llorando.. llorando pues su nombre perdió con sus trapos, Pobre diablo! Que descendió en san Fernando.
Pobre diablo... Se dice que se ha visto por la calle llorando.. llorando pues su nombre perdió con sus trapos, Pobre diablo! Que descendió en san Fernando.
Rojo el fantasma de fué a buscar! No me voy a olvidar, que te Vi descender 5 años en la B...
Peleabas la promoción y me veías campeón, tu hinchada te abandonó mientras me viste en Japón",,,,,Barrabrava.net,https://barrabrava.net/atletico-nacional/los-del-sur/letra/pobre-diablo/,2026-09-01,,Copiado de texto público mediante extracción reproducible,182,aceptado,,No,
CAN0116,CLU006,Atlético Nacional,Por Sos Verde Me Muero,"Por vos verde me muero
Le doy la vuelta al mundo entero
Estar a tu lado yo quiero
Doy gracias a cielo por ser verdolaga
cómo mis abuelos
Verde vos sos mi vida
Siempre vengo alentarte
Sos mi alegría yo no voy a dejarte
Yo soy sureño yo nací para amarte.",,,,,Barrabrava.net,https://barrabrava.net/atletico-nacional/los-del-sur/letra/por-sos-verde-me-muero/,2026-09-01,,Copiado de texto público mediante extracción reproducible,51,aceptado,,No,
CAN0117,CLU006,Atlético Nacional,Queremos ganar la copa libertadores,"Y vamos los verdolagas a ser campeones
Queremos ganar la copa libertadores
En la cancha pongan mas huevos
Que esta tribuna no va a parar
Y todos juntos la vuelta vamos a dar..
Vamos nacional
Vamos nacional
Vamos nacional
Vamos nacional",,,,,Barrabrava.net,https://barrabrava.net/atletico-nacional/los-del-sur/letra/queremos-ganar-la-copa-libertadores/,2026-09-01,,Copiado de texto público mediante extracción reproducible,41,aceptado,,No,
CAN0118,CLU006,Atlético Nacional,Sentimiento que llevo en el corazon,"La locura que desborda mi pasion,
Sentimiento que llevo en el corazon,
Con palabras no se puede explicar ,
Lo que siento cuando juega nacional y vamos vedolaga te venimos a alentar hoy no podes perder hay que ganar ya los sureños con su fiesta formaron el caranaval todo el pueblo no para de festejar vamos nacional.
Ohh vamos verdolaga
Oh vamos verdolaga
Oh vamos verdolaga
Oh vamos verdolaga
Alerta que llegaron los sureños
Con los bombos ,las banderas, con el corazon de andres(escobar)...,
Tranquilos abran paso alla en el medio mientras entran los muchachos con todo su carnaval ,
Ya el estadio se pone de pie,
Ya se alistan a alentar ,
Jugadores escuchenlo bien,
Por que hoy tenemos que ganar",,,,,Barrabrava.net,https://barrabrava.net/atletico-nacional/los-del-sur/letra/sentimiento-que-llevo-en-el-corazon/,2026-09-01,,Copiado de texto público mediante extracción reproducible,120,aceptado,,No,
CAN0119,CLU006,Atlético Nacional,"Sírvame cerveza, sírvame más guaro","Sírvame cerveza, sírvame más guaro
Que la vuelta este año damos
América corriste en el Pascual
Corriste en Medallo sin parar
Te fuiste al descenso de local
Millos vos, que andan siempre en tanquetas no hables más
Que allá en Bogotá somos local
Y es que Libertadores no tendrán, no tendrán",,,,,Barrabrava.net,https://barrabrava.net/atletico-nacional/los-del-sur/letra/sirvame-cerveza-sirvame-mas-guaro/,2026-09-01,,Copiado de texto público mediante extracción reproducible,51,aceptado,,No,
CAN0120,CLU006,Atlético Nacional,Te Quiero Como A Mi Vieja,"Mi verde sos todo lo que yo quiero sos mi alegria
Te quiero como a mi vieja vos sos mi vida
Tengo que reconocer que esto es una enfermedad
De la que quiero morir y no me quiero curar
Yo te vi salir campeón del continente
Vamos mi verdolaga quiero volver a verte
Quiero saltar quiero gritar mi Nacional vamos mi verde",,,,,Barrabrava.net,https://barrabrava.net/atletico-nacional/los-del-sur/letra/te-quiero-como-a-mi-vieja/,2026-09-01,,Copiado de texto público mediante extracción reproducible,62,aceptado,,No,
CAN0121,CLU006,Atlético Nacional,Tus eres mi equipo del alma,"Tus eres mi equipo del alma
Yo siempre te sigo
En toda campaña y jornada estoy siempre contigo
Con esta tu hinchada de siempre con los jugadores
Daremos la vuelta de nuevo en los libertadores
En ciertos momentos
Difíciles que hay en la vida
Te entrego todo mi aliento
Y mi alegría
Desde las tribunas se siente
Un amor desbordante
La hinchada que quiere otra copa
La de más aguante
Vamos vamos Nacional
Vamos vamos verdolaga
Por tu hinchada que te quiere la que siempre te acompaña",,,,,Barrabrava.net,https://barrabrava.net/atletico-nacional/los-del-sur/letra/tus-eres-mi-equipo-del-alma/,2026-09-01,,Copiado de texto público mediante extracción reproducible,87,requiere revisión: similitud,CAN0151,Sí,"Similitud alta conservada: CAN0151 (secuencia=0.989, vocabulario=1.000, longitud=1.000)"
CAN0122,CLU006,Atlético Nacional,Vamos Campeón,"Vamos Campeón
esta es tu hinchada la banda de la nación
La que por vos
Da la vida entera y quiere ser Campeón
No me interesa el apoyo de directivos
A esta hinchada no la para nadaaa
Llegamos de local o visitante
Verde no abandono
Siempre voy aparte
Hay una cosa que yo te puedo jurar
Que el sentimiento nunca voy a negociar
Esta es tu hinchada los muchachos los de siempre
Los que juraron amarte hasta la muerte",,,,,Barrabrava.net,https://barrabrava.net/atletico-nacional/nacion-verdolaga/letra/vamos-campeon/,2026-09-01,,Copiado de texto público mediante extracción reproducible,79,aceptado,,No,
CAN0123,CLU006,Atlético Nacional,Vamos todos juntos la hinchada y los jugadores,"Vamos Todos Juntos La Hinchada Y Los Jugadores
A Ganar De Nuevo La Copa Libertadores
Soy del verde Porque el verde es alegría
El Más Grande De Colombia verdolaga de mi vida
Lloran Todos Las Gallinas La Indigencia
Porque Saben Que Este Año Los verdes Damos La Vuelta",,,,,Barrabrava.net,https://barrabrava.net/atletico-nacional/los-del-sur/letra/vamos-todos-juntos-la-hinchada-y-los-jugadores/,2026-09-01,,Copiado de texto público mediante extracción reproducible,48,aceptado,,No,
CAN0124,CLU006,Atlético Nacional,"Vamos Verdolagas, aqui esta tu gente","Vamos Verdolagas
Aqui esta tu gente
La que te sigue
La que esta siempre
Vayas donde Vayas
Siempre Estaremos
Vos sos Mi vida
Lo que mas quiero
Dale Vee dale vee Dale ve dale ve dale ve dale ve dale verde daale vee",,,,,Barrabrava.net,https://barrabrava.net/atletico-nacional/los-del-sur/letra/vamos-verdolagas-aqui-esta-tu-gente/,2026-09-01,,Copiado de texto público mediante extracción reproducible,43,aceptado,,No,
CAN0125,CLU006,Atlético Nacional,Venir a verte es amarte,"Siguiendo al verde soy feliz,
Y Junto a él voy a morir..
Siempre bailando en la cabeza
Y tomando mucha cerveza
Y cuando pierdo la razon
Y se desborda mi pasión
Y el placer de alentarte
Venir a verte es amarte
Yo sigo el verdolaga las buenas y malas..
Yo quiero nacional...
Te amo nacional!!!
Yo sigo el verdolaga las buenas y malas..
Yo quiero nacional...
Te amo nacional!!!
Siguiendo al verde soy feliz,
Y Junto a él voy a morir..
Siempre bailando en la cabeza
Y tomando mucha cerveza
Y cuando pierdo la razon
Y se desborda mi pasión
Y el placer de alentarte
Venir a verte es amarte
Yo sigo el verdolaga las buenas y malas..
Yo quiero nacional...
Te amo nacional!!!
Yo sigo el verdolaga las buenas y malas..
Yo quiero nacional...
Te amo nacional!!!
Siguiendo al verde soy feliz,
Y Junto a él voy a morir..
Siempre bailando en la cabeza
Y tomando mucha cerveza
Y cuando pierdo la razon
Y se desborda mi pasión
Y el placer de alentarte
Venir a verte es amarte
Yo sigo el verdolaga las buenas y malas..
Yo quiero nacional...
Te amo nacional!!!
Yo sigo el verdolaga las buenas y malas..
Yo quiero nacional...
Te amo nacional!!!",,,,,Barrabrava.net,https://barrabrava.net/atletico-nacional/los-del-sur/letra/venir-a-verte-es-amarte/,2026-09-01,,Copiado de texto público mediante extracción reproducible,207,aceptado,,No,
CAN0126,CLU006,Atlético Nacional,Verde vos sos la alegría del mundo entero,"Verde vos sos la alegría del mundo entero,
cada domingo te aliento y más te quiero,
todos los demás si supieran lo entenderían,
que para estar junto a vos yo daría mi vida,
para soñaaar, para cantaaar, para gritaaar,
somos campeones Verdolaga, acá estoy de nuevo.",,,,,Barrabrava.net,https://barrabrava.net/atletico-nacional/los-del-sur/letra/verde-vos-sos-la-alegria-del-mundo-entero/,2026-09-01,,Copiado de texto público mediante extracción reproducible,46,requiere revisión: similitud,CAN0128,Sí,"Similitud alta conservada: CAN0128 (secuencia=0.891, vocabulario=0.783, longitud=1.000)"
CAN0127,CLU006,Atlético Nacional,¿Dónde están los Indigentes?,"¿Dónde están los indigentes?
¿Qué no los puedo escuchar?
Que aprendan de esta hinchada que no para de alentar
Esta es la hinchada del Verde, con su fiesta sin igual
Con bombos y con banderas, nadie nos puede parar
En las buenas y en las malas, la Verdolaga presente
No somos como los rojos que no llenan popular",,,,,Barrabrava.net,https://barrabrava.net/atletico-nacional/los-del-sur/letra/donde-estan-los-indigentes/,2026-09-01,,Copiado de texto público mediante extracción reproducible,58,aceptado,,No,Duplicado exacto también localizado en FanChants: https://www.fanchants.com/es/football-songs/atletico-nacional-chants/where-are-beggars/
CAN0128,CLU006,Atlético Nacional,Acá Estoy de Nuevo,"Verde vos sos la alegria del mundo entero, Cada domingo te aliento y maas te quiero, Todos los demas si supieran no entenderian, Que para estar junto a vos yo daria mi vida, Para soñar, Para cantar, Para gritar, ¡Somos campeones! Verdolaga acá estoy de nuevo...",,,,,FanChants,https://www.fanchants.com/es/football-songs/atletico-nacional-chants/atlctico-nacional-chant-5-an/,2026-09-01,2013,Copiado de texto público mediante extracción reproducible,46,requiere revisión: similitud,CAN0126,Sí,"Similitud alta conservada: CAN0126 (secuencia=0.891, vocabulario=0.783, longitud=1.000)"
CAN0129,CLU006,Atlético Nacional,Aquí Está Tu Gente,"Vamos Verdolagas Aqui esta tu gente, La que te sigue, La que esta siempre, Vayas donde vayas, Siempre estaremos, Vos sos mi vidaa, Lo que mas quiero, ¡Dale Ve, dale Ve! ¡Dale Ve, dale Ve! ¡Dale ve, dale Ve! ¡Dale verde, dale Veee!... (Repetido...)",,,,,FanChants,https://www.fanchants.com/es/football-songs/atletico-nacional-chants/atletico-nacional-chant-8-an/,2026-09-01,,Copiado de texto público mediante extracción reproducible,44,aceptado,,No,
CAN0130,CLU006,Atlético Nacional,Cuando Yo Me Muera,"Cuando yo me muera, No me vayas a llorar, Porque yo nací del Verde, Y el Verde es Felicidad, Salta la tribuna, Late el corazón, Vamos Verdolaga, Quiero ser Campeón, Y vamos los Verdes, Siempre voy a estar, Porque ni la muerte, Nos va a separar, Cuando yo me muera, Yo quiero que mi cajón, Lo pinten de Verde y Blanco, Igual que mi Corazón, Cuando yo me muera, No me vayan a llorar, Porque yo nací del Verde, Y el Verde es Felicidad, Salta la tribuna, Late el corazón, Vamos Verdolaga, Quiero ser Campeón, Y vamos los Verdes, Siempre voy a estar, Porque ni la muerte, Nos va a separar...",,,,,FanChants,https://www.fanchants.com/es/football-songs/atletico-nacional-chants/when-i-die-an/,2026-09-01,,Copiado de texto público mediante extracción reproducible,111,aceptado,,No,
CAN0131,CLU006,Atlético Nacional,Entre Llantos y Alegrías,"Y yo te aliento cada noche, cada dia, Entre llantos y alegrias, Luchando con policias, Yo quiero morir junto a vos campeón, Solo por vos campeón, Desborda mi pasion, La razon que hay en mi existir, La encontré junto a vos...",,,,,FanChants,https://www.fanchants.com/es/football-songs/atletico-nacional-chants/between-tears-and-joys/,2026-09-01,2014,Copiado de texto público mediante extracción reproducible,41,aceptado,,No,
CAN0132,CLU006,Atlético Nacional,Esta Noche Tenemos Que Ganar,"Pongan huevos huevos Verdolagas, Pongan huevos huevos de verdad, Que esta noche cueste lo que cueste, Esta noche tenemos que ganar... (Reapeted...)",,,,,FanChants,https://www.fanchants.com/es/football-songs/atletico-nacional-chants/put-more-balls-it/,2026-09-01,,Copiado de texto público mediante extracción reproducible,22,aceptado,,No,
CAN0133,CLU006,Atlético Nacional,Hijo De...,"Hijo de p*ta, Hijo de p*ta, Hijo de p*ta... (Se Repite...)",,,,,FanChants,https://www.fanchants.com/es/football-songs/atletico-nacional-chants/atletico-nacional-chant-10-an/,2026-09-01,2013,Copiado de texto público mediante extracción reproducible,11,aceptado,,No,
CAN0134,CLU006,Atlético Nacional,Hoy Hay Que Ganar,"Hoy hay que ganar, Hoy hay que ganar, Hoy hay que ganar Verdolagas, Hoy hay que ganar... (Se repite...)",,,,,FanChants,https://www.fanchants.com/es/football-songs/atletico-nacional-chants/atlctico-nacional-chant-12-an/,2026-09-01,2013,Copiado de texto público mediante extracción reproducible,19,aceptado,,No,
CAN0135,CLU006,Atlético Nacional,Juez de Linea,"Juez de linea cabron, Juez de linea cabron, Sos un hijo de puta, La puta madre que te pario...",,,,,FanChants,https://www.fanchants.com/es/football-songs/atletico-nacional-chants/linesman/,2026-09-01,,Copiado de texto público mediante extracción reproducible,19,aceptado,,No,
CAN0136,CLU006,Atlético Nacional,Libertad Que Perfumas,"¡Oh libertad que perfumas las montañas de mi tierra, deja que aspiren mis hijos tus olorosas esencias! ¡Oh libertad que perfumas las montañas de mi tierra, deja que aspiren mis hijos tus olorosas esencias! Oh libertad Oh libertad",,,,,FanChants,https://www.fanchants.com/es/football-songs/atletico-nacional-chants/atlctico-nacional-chant-11-an/,2026-09-01,2013,Copiado de texto público mediante extracción reproducible,38,aceptado,,No,
CAN0137,CLU006,Atlético Nacional,Miren Miren a Santiago,"Miren miren a Santiago, Mírenlo como como se ve, Dirigiendo desde el banco, Con el corazón de Andrés.",,,,,FanChants,https://www.fanchants.com/es/football-songs/atletico-nacional-chants/atlctico-nacional-chant-15-an/,2026-09-01,2013,Copiado de texto público mediante extracción reproducible,18,aceptado,,No,
CAN0138,CLU006,Atlético Nacional,Miren Miren Que Locura,Miren Miren que locura Miren Miren que emocion. Ese es juan pablo angel que llego al verde a ser campeon...,FanChants presenta la letra como un canto a Juan Pablo Ángel; Atlético Nacional confirma que marcó el gol con el que el club obtuvo el título de 1994.,Juan Pablo Ángel,https://atlnacional.com.co/1994-el-titulo-de-rene/,verificado con fuente externa,FanChants,https://www.fanchants.com/es/football-songs/atletico-nacional-chants/atletico-nacional-chant-16-an/,2026-09-01,2013,Copiado de texto público mediante extracción reproducible,20,aceptado,,No,
CAN0139,CLU006,Atlético Nacional,Movete Dale Movete,"Movete dale movete, Movete dale move, Que esta hinchada esta puta, Y hoy no podemos perder... (Se repite...)",,,,,FanChants,https://www.fanchants.com/es/football-songs/atletico-nacional-chants/atletico-nacional-chant-17-an/,2026-09-01,,Copiado de texto público mediante extracción reproducible,18,aceptado,,No,
CAN0140,CLU006,Atlético Nacional,No Se Escucha,"¡Ooohhh no, no se escucha! ¡Ooohhh no, no se escucha! ¡Dirigente hijo de p*ta!... (Repetido...)",,,,,FanChants,https://www.fanchants.com/es/football-songs/atletico-nacional-chants/atletico-nacional-chant-3-an/,2026-09-01,2013,Copiado de texto público mediante extracción reproducible,15,aceptado,,No,
CAN0141,CLU006,Atlético Nacional,Oh No Les Da Verguenza,"Oh, No les da verguenza, Oh Oh Oh, Oh, No les da verguenza, No les robo, Son cincuenta... (Repeated...)",,,,,FanChants,https://www.fanchants.com/es/football-songs/atletico-nacional-chants/atletico-nacional-chant-2-an/,2026-09-01,2013,Copiado de texto público mediante extracción reproducible,19,requiere revisión: asociación con club,,Sí,La descripción histórica de FanChants menciona Independiente Medellín aunque la página está alojada bajo Atlético Nacional.
CAN0142,CLU006,Atlético Nacional,Oh Verde Vamos,"Oooh, vamos Verde, vamos, Ooh-oh-oh, Oooh, vamos Verde, vamos, Pongan huevos que ganamos... (Se repite...)",,,,,FanChants,https://www.fanchants.com/es/football-songs/atletico-nacional-chants/atlctico-nacional-chant-18-an/,2026-09-01,2013,Copiado de texto público mediante extracción reproducible,17,aceptado,,No,
CAN0143,CLU006,Atlético Nacional,Para Salir Campeones,"Para salir campeones, hay que poner mas huevos, huevos, Ya vas a ver una barra que es la mas loca de todas que, Sigue siempre a los verdes yo quiero ganar la copa para salir...",,,,,FanChants,https://www.fanchants.com/es/football-songs/atletico-nacional-chants/atletico-nacional-chant-20-an/,2026-09-01,,Copiado de texto público mediante extracción reproducible,35,aceptado,,No,
CAN0144,CLU006,Atlético Nacional,Pongan Huevos,"Pongan huevos, Los Verdes, pongan huevos, Pongan huevos, Los Verdes, pongan huevos, Pongan huevos, Los Verdes, pongan huevos... (Se repite...)",,,,,FanChants,https://www.fanchants.com/es/football-songs/atletico-nacional-chants/atlctico-nacional-chant-14-an/,2026-09-01,2013,Copiado de texto público mediante extracción reproducible,20,aceptado,,No,
CAN0145,CLU006,Atlético Nacional,Por los Parceros Que Ya No Estan,"Ole ole Ole Ola, Vamos campeon, hay que ganar, Por los parceros que ya no estan...",,,,,FanChants,https://www.fanchants.com/es/football-songs/atletico-nacional-chants/atletico-nacional-chant-19-an/,2026-09-01,2013,Copiado de texto público mediante extracción reproducible,16,aceptado,,No,
CAN0146,CLU006,Atlético Nacional,Porque Te Quiero,"¡Dale Ve! ¡Dale Ve! Porque te quiero, por vos me muero, ¡Dale Ve!... (Repetido...)",,,,,FanChants,https://www.fanchants.com/es/football-songs/atletico-nacional-chants/atlctico-nacional-chant-28-an/,2026-09-01,2013,Copiado de texto público mediante extracción reproducible,14,aceptado,,No,
CAN0147,CLU006,Atlético Nacional,Que Lo Vengan a Ver,"Que lo vengan a ver, Que lo vengan a ver, Eso no es un arquero, Es una p*ta de cabaret... (Repeated...)",,,,,FanChants,https://www.fanchants.com/es/football-songs/atletico-nacional-chants/atlctico-nacional-chant-21-an/,2026-09-01,2013,Copiado de texto público mediante extracción reproducible,21,requiere revisión: asociación con club,,Sí,La descripción histórica de FanChants menciona América de Cali aunque la página está alojada bajo Atlético Nacional.
CAN0148,CLU006,Atlético Nacional,Se Va pa' la B,"De la mano de Bolillo se va pa' la B, De la mano de Bolillo se va pa' la B, Para nunca, para nunca más volver... (Se repite...)",,,,,FanChants,https://www.fanchants.com/es/football-songs/atletico-nacional-chants/youre-going-down-b-an/,2026-09-01,2017,Copiado de texto público mediante extracción reproducible,28,aceptado,,No,
CAN0149,CLU006,Atlético Nacional,Soy del Verde,"Yo soy sureño, No me importa nada mas, Con todos mis parceros, Canto en la popular, Por que yo soy del Verde, Me late el corazón, Por que yo soy del Verde, Yo soy del Verde, No me importa nada más, Me lo enseñaron mis viejos, Todo por Nacional... (Repeated..)",,,,,FanChants,https://www.fanchants.com/es/football-songs/atletico-nacional-chants/im-green/,2026-09-01,2012,Copiado de texto público mediante extracción reproducible,50,aceptado,,No,
CAN0150,CLU006,Atlético Nacional,Tenemos Que Ganar,"Vamos, Vamos my verde, Que esta noche, Tenemos que ganar... (Repeated...)",,,,,FanChants,https://www.fanchants.com/es/football-songs/atletico-nacional-chants/tonight-we-have-win-an/,2026-09-01,2013,Copiado de texto público mediante extracción reproducible,11,aceptado,,No,
CAN0151,CLU006,Atlético Nacional,Tu Eres Mi Equipo del Alma,"Tus eres mi equipo del alma, Yo siempre te sigo, En toda campaña y jornada﻿ estoy siempre contigo, Con esta tu hinchada de siempre, con los jugadores, Daremos la vuelta de nuevo en la Libertadores, En ciertos momentos difíciles que hay en la vida, Te entrego todo mi aliento y mi alegría, Desde las tribunas se siente un amor desbordante, La hinchada que quiere otra copa, la de más aguante, ¡Vamos, vamos Nacional! ¡Vamos, vamos Verdolaga! Por tu hinchada que te quiere la que siempre te acompaña...",,,,,FanChants,https://www.fanchants.com/es/football-songs/atletico-nacional-chants/atletico-nacional-chant-7-an/,2026-09-01,2013,Copiado de texto público mediante extracción reproducible,87,requiere revisión: similitud,CAN0121,Sí,"Similitud alta conservada: CAN0121 (secuencia=0.989, vocabulario=1.000, longitud=1.000)"
CAN0152,CLU006,Atlético Nacional,Vamos Nacional,"Oh Nacional, Nacional, Nacional Vamos nacional... (Se repite...)",,,,,FanChants,https://www.fanchants.com/es/football-songs/atletico-nacional-chants/atletico-nacional-chant-23-an/,2026-09-01,2013,Copiado de texto público mediante extracción reproducible,8,aceptado,,No,
CAN0153,CLU006,Atlético Nacional,Vamos Verdolaga,"Dale Ve dale Ve, Dale Ve dale Ve, Dale Ve dale Ve, Dale Ve dale Ve, Vamos verdolaga, Aquí está tu gente, La que te sigue, Te alienta siempre, Vayas donde vayas, Siempre estaremos, Vos sos mi vida, Lo que más quiero...",,,,,FanChants,https://www.fanchants.com/es/football-songs/atletico-nacional-chants/heres-your-people-an/,2026-09-01,,Copiado de texto público mediante extracción reproducible,42,aceptado,,No,
CAN0154,CLU006,Atlético Nacional,Verde Vos Sos Mi Vida,"Verde, vos sos mi vida, Te llevo dentro de mi corazón, Sabes, no te abondono, ¡Vamos Verdes! ¡A ser campeón!...",,,,,FanChants,https://www.fanchants.com/es/football-songs/atletico-nacional-chants/atlctico-nacional-chant-26-an/,2026-09-01,2013,Copiado de texto público mediante extracción reproducible,20,aceptado,,No,
CAN0155,CLU006,Atlético Nacional,Yo Soy Verdolaga,"Yo soy Verdolaga el mundo me hizo así, Yo soy Verdolaga rojo no existís, Yo soy Verdolaga lo llevo en el alma, Yo soy Verdolaga hasta morir...",,,,,FanChants,https://www.fanchants.com/es/football-songs/atletico-nacional-chants/atlctico-nacional-chant-29-an/,2026-09-01,2013,Copiado de texto público mediante extracción reproducible,27,aceptado,,No,
CAN0156,CLU006,Atlético Nacional,¡Dale Ve!,"¡Eeeeh dale Ve! ¡Dale Ve, Dale Ve! ¡Dale dale Ve!... (Se repite...)",,,,,FanChants,https://www.fanchants.com/es/football-songs/atletico-nacional-chants/come-ve-come-ve-an/,2026-09-01,2017,Copiado de texto público mediante extracción reproducible,12,aceptado,,No,
CAN0157,CLU006,Atlético Nacional,¡Dale Verde!,"¡Y dale, dale Ve! ¡Y dale Verde! ¡Y dale, dale Ve! ¡Y dale Verde! ¡Y dale, dale Ve! ¡Y dale Verde! ¡Y dale, dale Ve! ¡Y dale Verde! Muchas veces me rompí la voz, Alentándote de corazón, Más allá de la razón, Sos mi vida vos sos la pasión...",,,,,FanChants,https://www.fanchants.com/es/football-songs/atletico-nacional-chants/atlctico-nacional-chant-27-an/,2026-09-01,2013,Copiado de texto público mediante extracción reproducible,49,aceptado,,No,
CAN0158,CLU006,Atlético Nacional,"¡Dale, Dale, Dale, Dale Ve!","¡Dale, dale, dale, dale Ve! ¡Dale, dale, dale, dale Ve! ¡Daleee, dale Ve!... (Se repite...)",,,,,FanChants,https://www.fanchants.com/es/football-songs/atletico-nacional-chants/come-come-ve-an/,2026-09-01,2021,Copiado de texto público mediante extracción reproducible,15,aceptado,,No,
CAN0159,CLU006,Atlético Nacional,¡Dame una Alegría!,"Soy Verdolaga yo sigo al Verde por donde voy, Siempre te aliento nunca te dejo, contigo estoy, Cada partido vengo y entrego mi corazón, Dame una alegría yo quiero verte otra vez campeón... (Se repite...)",,,,,FanChants,https://www.fanchants.com/es/football-songs/atletico-nacional-chants/atlctico-nacional-chant-13-an/,2026-09-01,2013,Copiado de texto público mediante extracción reproducible,35,aceptado,,No,
CAN0160,CLU006,Atlético Nacional,¡Frenteria!,¡Frenteria! ¡Frenteria! ¡Frenteria! ¡Frenteria!...,,,,,FanChants,https://www.fanchants.com/es/football-songs/atletico-nacional-chants/frenteria-an/,2026-09-01,2013,Copiado de texto público mediante extracción reproducible,4,aceptado,,No,
CAN0161,CLU006,Atlético Nacional,¡Galeano!,¡Galeano! ¡Galeano! ¡Galeano! ¡Galeano!....,FanChants solo menciona el apellido Galeano. No se asigna un nombre completo porque la página no permite desambiguarlo con seguridad.,Galeano (sin desambiguar),,referente no desambiguado,FanChants,https://www.fanchants.com/es/football-songs/atletico-nacional-chants/galeano-an/,2026-09-01,2013,Copiado de texto público mediante extracción reproducible,4,aceptado,,No,
CAN0162,CLU006,Atlético Nacional,¡Hay Que Saltar!,"Hay que saltar señor, hay que saltar, Hay que saltar señor, hay que saltar, A esos hijo e'p*tas le tenemos que ganar… (Repetido...)",,,,,FanChants,https://www.fanchants.com/es/football-songs/atletico-nacional-chants/atlctico-nacional-chant-9-an/,2026-09-01,2013,Copiado de texto público mediante extracción reproducible,23,aceptado,,No,
CAN0163,CLU006,Atlético Nacional,¡Macnelly Torres!,¡Macnelly Torres! ¡Macnelly Torres! ¡Macnelly Torres! ¡Macnelly Torres!... (Repetido...),FanChants presenta la letra como un canto a Macnelly Torres; Atlético Nacional lo identifica como creador del mediocampo campeón de la Copa Libertadores 2016.,Macnelly Torres,https://atlnacional.com.co/magia-y-creacion/,verificado con fuente externa,FanChants,https://www.fanchants.com/es/football-songs/atletico-nacional-chants/atlctico-nacional-chant-1-an/,2026-09-01,2013,Copiado de texto público mediante extracción reproducible,9,aceptado,,No,
CAN0164,CLU006,Atlético Nacional,¡Olé Meli!,"¡Olé, olé, olé, olé! ¡Meliiii, meliiii!... (Repetido...)",,,,,FanChants,https://www.fanchants.com/es/football-songs/atletico-nacional-chants/atlctico-nacional-chant-4-an/,2026-09-01,2013,Copiado de texto público mediante extracción reproducible,7,aceptado,,No,
CAN0165,CLU006,Atlético Nacional,¡Somos los Sureños!,¡Oooh somos los Sureños! ¡Oooh! ¡Oooh somos los Sureños! ¡El orgullo Antioqueño!... (Repetido...),,,,,FanChants,https://www.fanchants.com/es/football-songs/atletico-nacional-chants/atletico-nacional-chant-22-an/,2026-09-01,,Copiado de texto público mediante extracción reproducible,13,aceptado,,No,
CAN0166,CLU006,Atlético Nacional,¡Soy del Verde!,"¡Soy del Verde! ¡Soy del Verde, soy! ¡Del Verde soy yo!... (Repetido...)",,,,,FanChants,https://www.fanchants.com/es/football-songs/atletico-nacional-chants/atletico-nacional-chant-6-an/,2026-09-01,2013,Copiado de texto público mediante extracción reproducible,12,aceptado,,No,
CAN0167,CLU006,Atlético Nacional,¡Vamos los Verdes!,"¡Vamos, vamos los Verdes! ¡Vamos, vamos a ganar! Una vez más, Te venimos todos a alentar... (Repetido...)",,,,,FanChants,https://www.fanchants.com/es/football-songs/atletico-nacional-chants/atlctico-nacional-chant-24-an/,2026-09-01,2013,Copiado de texto público mediante extracción reproducible,17,aceptado,,No,
CAN0168,CLU006,Atlético Nacional,¡Vamos Nacional!,"¡Vamos, vamos, vamos, vamos, Verde! ¡Vamos, vamos, vamos, vamos Nacional! ¡Vamos mi Verde que allá arriba desde el cielo, Alentando está la banda inmortal!...",,,,,FanChants,https://www.fanchants.com/es/football-songs/atletico-nacional-chants/atlctico-nacional-chant-25-an/,2026-09-01,2013,Copiado de texto público mediante extracción reproducible,24,requiere revisión: similitud,CAN0099,Sí,"Similitud alta conservada: CAN0099 (secuencia=0.880, vocabulario=0.812, longitud=0.923)"
CAN0169,CLU007,Boyacá Chicó,Dale Dale Boyacá Chicó,"¡Dale dale Boyacá Chicó!
¡Dale dale Boyacá Chicó!
¡Daleeeeeeeeee CAMPEÓÓÓÓÓÓÓÓÓÓN!
¡Dale dale Boyacá Chicó!
¡Dale dale Boyacá Chicó!
¡Daleeeeeeeeee CAMPEÓÓÓÓÓÓÓÓÓÓN!
¡Dale dale Boyacá Chicó!
¡Dale dale Boyacá Chicó!
¡Daleeeeeeeeee CAMPEÓÓÓÓÓÓÓÓÓÓN!
¡Dale dale Boyacá Chicó!
¡Dale dale Boyacá Chicó!
¡Daleeeeeeeeee CAMPEÓÓÓÓÓÓÓÓÓÓN!
¡Dale dale Boyacá Chicó!
¡Dale dale Boyacá Chicó!
¡Daleeeeeeeeee CAMPEÓÓÓÓÓÓÓÓÓÓN!",,,,,Barrabrava.net,https://barrabrava.net/boyaca-chico/la-mancha-ajedrezada/letra/dale-dale-boyaca-chico/,2026-09-01,,Copiado de texto público mediante extracción reproducible,50,aceptado,,No,
CAN0170,CLU007,Boyacá Chicó,Ganes o empates esta banda siempre estará,"¡Ganes o empates esta banda siempre estará!
¡Y vamos a ser campeón!
¡Ahora vamos a ser campeón!
¡Ya corrimos al rojo y no paso nada!
¡Ahora le toca al verde que es cagón!
¡Me lo dijo una guitarra!
¡Me lo dijo con fervor!
¡O deja la marihuana o te vas para el cagón!
¡Me lo dijo una guitarra!
¡No le quise creer!
¡Se digo malparidos!
¡A las locas del Santa Fe!",,,,,Barrabrava.net,https://barrabrava.net/boyaca-chico/la-mancha-ajedrezada/letra/ganes-o-empates-esta-banda-siempre-estara/,2026-09-01,,Copiado de texto público mediante extracción reproducible,71,aceptado,,No,
CAN0171,CLU007,Boyacá Chicó,Que vergüenza que verguenza,"¡Qué vergüenza, que vergüenza
¡Qué vergüenza que me das
¡Todos esos que están pirobos!
¡Hijue Nacional!
¡Qué vergüenza, que vergüenza
¡Qué vergüenza que me das
¡Todos esos que están pirobos!
¡Hijue Nacional!
¡Qué vergüenza, que vergüenza
¡Qué vergüenza que me das
¡Todos esos que están pirobos!
¡Hijue Nacional!
¡Qué vergüenza, que vergüenza
¡Qué vergüenza que me das
¡Todos esos que están pirobos!
¡Hijue Nacional!
¡Qué vergüenza, que vergüenza
¡Qué vergüenza que me das
¡Todos esos que están pirobos!
¡Hijue Nacional!",,,,,Barrabrava.net,https://barrabrava.net/boyaca-chico/la-mancha-ajedrezada/letra/que-verguenza-que-verguenza/,2026-09-01,,Copiado de texto público mediante extracción reproducible,80,aceptado,,No,
CAN0172,CLU007,Boyacá Chicó,Vamos Chicó,"¡Vamos vamos Chicó!
¡Vamo' vamo' a ganar!
¡Una vez más te venimos a alentar!
¡Vamos vamos Chicó!
¡Vamo' vamo' a ganar!
¡Una vez más te venimos a alentar!
¡Vamos vamos Chicó!
¡Vamo' vamo' a ganar!
¡Una vez más te venimos a alentar!
¡Vamos vamos Chicó!
¡Vamo' vamo' a ganar!
¡Una vez más te venimos a alentar!
¡Vamos vamos Chicó!
¡Vamo' vamo' a ganar!
¡Una vez más te venimos a alentar!",,,,,Barrabrava.net,https://barrabrava.net/boyaca-chico/la-mancha-ajedrezada/letra/vamos-chico/,2026-09-01,,Copiado de texto público mediante extracción reproducible,70,aceptado,,No,
CAN0173,CLU008,Cúcuta Deportivo,Ajena,"Recuerdo viejo que un día dijiste
con este amor para toda la vida
vamos glorioso pongamos huevo
que esta tribuna es fiesta y alegría
esta es la banda que siempre te canta
descontrolada siempre va cada domingo
te alienta en la mala y en la buena
indioo mi buen amigo, siempre estaremos contigoo!!
no ves que yo te aliento de corazón
verte jugar en esta cancha es mi alegría
que no daría por verte campeón
hoy te venimos a ver!
glorioso tu eres mi vida",,,,,Barrabrava.net,https://barrabrava.net/cucuta/la-banda-del-indio/letra/ajena/,2026-09-01,,Copiado de texto público mediante extracción reproducible,85,aceptado,,No,
CAN0174,CLU008,Cúcuta Deportivo,"La Banda del Indio, hasta la muerte amor te juro","Esta pasión, la que de niño un día nació
La que de amor pasó a obsesión
Nunca se fue, nunca abandonó
Siempre fue así, somos la envidia de todo fortín
Tomando vino, aguantando hasta el fin
Vivo tranquilo, campeón ya te ví
A todas canchas descontrolados llegamos a alentar
Buenas y malas estuvimos igual
Enamorados de esta ciudad
La banda del Indio, hasta la muerte amor te juro
Somos la historia que no se borró
El sentimiento nunca se quebró",,,,,Barrabrava.net,https://barrabrava.net/cucuta/la-banda-del-indio/letra/la-banda-del-indio-hasta-la-muerte-amor-te-juro/,2026-09-01,,Copiado de texto público mediante extracción reproducible,80,aceptado,,No,
CAN0175,CLU008,Cúcuta Deportivo,leopardo decime que se siente,"leopardo decime que se siente
ver festejar a tú papá
te juro que aunque pasen los años
nunca lo vamos a olvidar
en el oriente mando yo
la fortaleza se cago
esta llorando el puto chino de Girón
a la banda vas a ver
alzando la copa otra vez
como aquel 20 de diciembre en Ibagué",,,,,Barrabrava.net,https://barrabrava.net/cucuta/la-banda-del-indio/letra/leopardo-decime-que-se-siente/,2026-09-01,,Copiado de texto público mediante extracción reproducible,56,aceptado,,No,
CAN0176,CLU008,Cúcuta Deportivo,Sólo Un Cigarro,"Sólo un cigarro
Calma mi espera
Cuando yo llego al General
Cuando el glorioso
Salta a la cancha
Todo se vuelve un carnaval...
Si es de noche
Me quita el sueño
Si es de día
Oscuro esta
Sólo te pido
Que ganes siempre
Y todo el mundo a festejar",,,,,Barrabrava.net,https://barrabrava.net/cucuta/la-banda-del-indio/letra/solo-un-cigarro/,2026-09-01,,Copiado de texto público mediante extracción reproducible,49,aceptado,,No,
CAN0177,CLU008,Cúcuta Deportivo,Tu me partiste el corazón,"Y vamos, vamos Cúcuuutaaaa!! vamos cúcuta!
que la del indio está de fiesta, ya llegó
vengo a alentarte sin parar
estoy reloco por la vuelta, quiero festejar!
por eso yo te pido ser campeón de nuevo
hay que poner más huevo para ser primero
es que del rojinegro vivo enamorado
yo con estos colores voy a todos lados
dale dale indio",,,,,Barrabrava.net,https://barrabrava.net/cucuta/la-banda-del-indio/letra/tu-me-partiste-el-corazon/,2026-09-01,,Copiado de texto público mediante extracción reproducible,61,aceptado,,No,
CAN0178,CLU008,Cúcuta Deportivo,Yo Te Vengo A Alentar,"Yo te vengo a alentar
De corazón
Yo te vengo a alentar
Mi único amor
Yo te vengo a alentar
De corazón
Yo te vengo a alentar
Mi único amor
Y ahora estoy
De nuevo aquí
Mi rojinegro dale dale dale indio
Y dale indio
EN EL ORIENTE MANDO YO",,,,,Barrabrava.net,https://barrabrava.net/cucuta/la-banda-del-indio/letra/yo-te-vengo-a-alentar/,2026-09-01,,Copiado de texto público mediante extracción reproducible,50,aceptado,,No,
CAN0179,CLU009,Deportivo Cali,Cantare con todo el alma,"Todo en mi vida a cambiado / Desde que te conoci
Paso las noches soñando / Y esperando el momento de estar junto a ti
Siempre me muero por verte / Y con el Frente alentar
No somos como las locas / Hinchas del rojo coca que a la B fue a parar
Cantare con todo el alma para vos / Eres mi delirio eterno eres mi amor ( Bis )
Daria la vida entera / La la la la / Y aunque un día me muera
Hoy te tengo a mi lado / Y soy muy FELIZ.",,,,,Barrabrava.net,https://barrabrava.net/deportivo-cali/frente-radical-verdiblanco/letra/cantare-con-todo-el-alma/,2026-09-01,,Copiado de texto público mediante extracción reproducible,88,requiere revisión: similitud,CAN0192,Sí,"Similitud alta conservada: CAN0192 (secuencia=0.916, vocabulario=0.969, longitud=0.863)"
CAN0180,CLU009,Deportivo Cali,Del cali soy,"Del cali soy
Del cali es la alegría de mi corazón
Vos sos mi vida vos sos la pasión
Daría mi vida por salir campeón
A mi no me interesa en que cancha juges
Local o visitante yo te vengo a ver
Si la muerte nos va a separar
Desde el cielo te voy a alentar",,,,,Barrabrava.net,https://barrabrava.net/deportivo-cali/frente-radical-verdiblanco/letra/del-cali-soy/,2026-09-01,,Copiado de texto público mediante extracción reproducible,56,aceptado,,No,
CAN0181,CLU009,Deportivo Cali,Esta es la banda loca descontrolada,"Esta es la banda loca descontrolada, dele ver!, dale ver!
La que sigue al Cali no pide nada, dale ver!, dale ver!
La que si va perdiendo, sigue alentando!
Porque apesar de todo, te sigo amando!
vamos verdiblanco!
Vamos verdiblanco!",,,,,Barrabrava.net,https://barrabrava.net/deportivo-cali/frente-radical-verdiblanco/letra/esta-es-la-banda-loca-descontrolada/,2026-09-01,,Copiado de texto público mediante extracción reproducible,40,aceptado,,No,
CAN0182,CLU009,Deportivo Cali,Oh Glorioso,"voy alentando al Cali descontrolado
glorioso vos sos mi vida
sos mi dulce condena
la Banda siempre te sigue por todas partes
copamos por todas partes , siempre estamos de fiesta
oh glorioso
el FRENTE estará presente aunque no salgas primero
oh glorioso
te canto con todo el Alma sos todo un sentimiento .
y vamos a festejar
yo la vuelta quiero dar
te lo pide sin parar
la Banda mas radical...",,,,,Barrabrava.net,https://barrabrava.net/deportivo-cali/frente-radical-verdiblanco/letra/oh-glorioso/,2026-09-01,,Copiado de texto público mediante extracción reproducible,70,aceptado,,No,
CAN0183,CLU009,Deportivo Cali,Re drogado voy,"Yo te vengo a ver
De cabeza donde vos jugues
Re drogado voy
Siempre con los trapos y el alcohol
Llorando estarás recordando al lechón
Que al abismo te hicimos tirar
El Frente es carnaval donde juegues campeón
Y a los Tontos los vamos a m*tar",,,,,Barrabrava.net,https://barrabrava.net/deportivo-cali/frente-radical-verdiblanco/letra/re-drogado-voy/,2026-09-01,,Copiado de texto público mediante extracción reproducible,46,aceptado,,No,
CAN0184,CLU009,Deportivo Cali,Soy Del Deportivo Si Señor,"Soy del deportivo si señor....
Que loco estoy...
Rexona puta a vos te cuida el smad...
Sos un cagon...
Vos por cali nunca caminas...
Vos no aguantas...
Yo a vos te busco y no te puedo encontrar...
A donde estas???? Aparece....!!!!!!!",,,,,Barrabrava.net,https://barrabrava.net/deportivo-cali/frente-radical-verdiblanco/letra/soy-del-deportivo-si-senor/,2026-09-01,,Copiado de texto público mediante extracción reproducible,41,aceptado,,No,
CAN0185,CLU009,Deportivo Cali,Todos Los Rexixtontos Son Unos Putos,"Todos Los Rexixtontos Son Unos Putooos
Putooos...
Que Para Cali Les Da Miedo Venir
Nosotros Nos Tomaremos El Cagadero
Siempree...
Y El Montañero Puto Se Va A Morir
Yo Quisiera Ver Al Paisa
En Combate Otra Vez
Que Tengamo' Un Mano A Mano Y No Se Vayan A Esconder
Recordate Que En Mayo Todo El Frente Te Llego
Caminando Al Atanasco Y No Te Dejastes Ver",,,,,Barrabrava.net,https://barrabrava.net/deportivo-cali/frente-radical-verdiblanco/letra/todos-los-rexixtontos-son-unos-putos/,2026-09-01,,Copiado de texto público mediante extracción reproducible,66,aceptado,,No,
CAN0186,CLU009,Deportivo Cali,Vamos Glorioso,"Vamos glorioso
Vos sos mi vida
Sos lo que más quiero
Dame un alegría
Siempre te sigo
Por todas partes
No soy amargo
Ni vigilante
Dale Ver, dale Ver, dale Ver, dale Ver
Dale Ver, dale Ver, dale Ver, dale Ver",,,,,Barrabrava.net,https://barrabrava.net/deportivo-cali/frente-radical-verdiblanco/letra/vamos-glorioso/,2026-09-01,,Copiado de texto público mediante extracción reproducible,41,aceptado,,No,
CAN0187,CLU009,Deportivo Cali,Veni Veni Salta Conmigo,"Veni Veni, Salta Conmigo...
Que un Amigo Vas A Encontrar...
Que De La Mano De Los Muchachos...
Todos La Vuelta Vamos A Dar",,,,,Barrabrava.net,https://barrabrava.net/deportivo-cali/frente-radical-verdiblanco/letra/veni-veni-salta-conmigo/,2026-09-01,,Copiado de texto público mediante extracción reproducible,23,aceptado,,No,
CAN0188,CLU009,Deportivo Cali,Cali Sos una Pasión,"¡Dale, dale Ve! Hoy te vinimos a ver, Locos de la cabeza, Hoy hay que ganar, El Frente va alentar, Y vamos a dar la vuelta, Por que Cali sos una pasión, Que se lleva en el corazón...",,,,,FanChants,https://www.fanchants.com/es/football-songs/deportivo-cali-chants/deportivo-cali-chant-12/,2026-09-01,2013,Copiado de texto público mediante extracción reproducible,38,aceptado,,No,
CAN0189,CLU009,Deportivo Cali,Dale Dale Verde,"Dale dale dale ve, Dale dale dale ve, Dale dale dale verde, Dale dale ve!",,,,,FanChants,https://www.fanchants.com/es/football-songs/deportivo-cali-chants/deportivo-cali-chant-8-dc/,2026-09-01,2013,Copiado de texto público mediante extracción reproducible,15,aceptado,,No,
CAN0190,CLU009,Deportivo Cali,"Dale Verde, Hoy Hay Que Ganar","Dale dale dale ve,
Hoy te he venido a alentar,
Pa salir campeón,
Hoy hay que ganar!",,,,,FanChants,https://www.fanchants.com/es/football-songs/deportivo-cali-chants/deportivo-cali-chant-7-dc/,2026-09-01,2013,Copiado de texto público mediante extracción reproducible,17,aceptado,,No,
CAN0191,CLU009,Deportivo Cali,Dame una Alegría,"¡Vamos, vamos Deportivo! Dame una alegría, quiero ser campeón, Sabes todo lo que siento, Yo te llevo adentro de mi corazón... (Se repite...)",,,,,FanChants,https://www.fanchants.com/es/football-songs/deportivo-cali-chants/deportivo-cali-chant-9-dc/,2026-09-01,,Copiado de texto público mediante extracción reproducible,23,aceptado,,No,
CAN0192,CLU009,Deportivo Cali,Daria la Vida,"Todo en mi vida a cambiado, Desde que te conoci, Paso las noches soñando, Y esperando el momento de estar junto a ti, Siempre me muero por verte, Y con el Frente alentar, No somos como las locas, Hinchas del rojo coca que a la B fue a parar CORO, Cantare con todo el alma para vos Eres mi delirio eterno eres mi amor Cantare con todo el alma para vos Eres mi delirio eterno eres mi amor Daria la vida entera, La la la la, Y aunque un día me muera, Hoy te tengo a mi lado, Y soy muy FELIZ...",,,,,FanChants,https://www.fanchants.com/es/football-songs/deportivo-cali-chants/deportivo-cali-chant-1/,2026-09-01,2013,Copiado de texto público mediante extracción reproducible,102,requiere revisión: similitud,CAN0179,Sí,"Similitud alta conservada: CAN0179 (secuencia=0.916, vocabulario=0.969, longitud=0.863)"
CAN0193,CLU009,Deportivo Cali,Esta Noche Me Emborracho,"¡Vamos, dale dale dale Verde! Que tenemos que ganar, Que este Frente no te deja, No te deja de alentar, Vamos este año a dar la vuelta, Te pido de corazón, Sos mi vida, mi locura, Yo te quiero ver campeón, Muchachos, esta noche me emborracho yo, Vamos siempre a todos lados a alentar al campeón...",,,,,FanChants,https://www.fanchants.com/es/football-songs/deportivo-cali-chants/deportivo-cali-chant-14/,2026-09-01,2013,Copiado de texto público mediante extracción reproducible,56,aceptado,,No,
CAN0194,CLU009,Deportivo Cali,Gritare Fuertemente Cali,Vas a ser por siempre mi pasion; Mi glorioso te llevo en el corazón; Gritare fuertemente cali hasta la muerte; Entiendes que tu eres mi pasion....,,,,,FanChants,https://www.fanchants.com/es/football-songs/deportivo-cali-chants/deportivo-cali-chant-17/,2026-09-01,2013,Copiado de texto público mediante extracción reproducible,26,aceptado,,No,
CAN0195,CLU009,Deportivo Cali,Mi Vida y Mi Pasión!,"Cali sos mi vida y mi pasión! Te Llevo en el Corazón, No Puedo Vivir Sin vos ...",,,,,FanChants,https://www.fanchants.com/es/football-songs/deportivo-cali-chants/deportivo-cali-chant-4-dc/,2026-09-01,2013,Copiado de texto público mediante extracción reproducible,17,aceptado,,No,
CAN0196,CLU009,Deportivo Cali,Miren al Verde,"¡Miren al Verde, como se mueve! Está saltando el Frente Verde, Se mueve para acá, se mueve para allá, ¡Vamos mi Cali, vamos a ganar!...",,,,,FanChants,https://www.fanchants.com/es/football-songs/deportivo-cali-chants/deportivo-cali-chant-13/,2026-09-01,2013,Copiado de texto público mediante extracción reproducible,25,aceptado,,No,
CAN0197,CLU009,Deportivo Cali,"Olé, Olé, Olé Cali","Olé, olé, olé, olé, Cali, Cali,
Olé, olé, olé, olé, Cali, Cali...
(Se repite...)",,,,,FanChants,https://www.fanchants.com/es/football-songs/deportivo-cali-chants/deportivo-cali-chant-18/,2026-09-01,2013,Copiado de texto público mediante extracción reproducible,14,aceptado,,No,
CAN0198,CLU009,Deportivo Cali,Siempre Cantando,"Siempre Cantando, Yo Voy Descontrolado, De La Cabeza, Te Sigo a Todos Lados Y No Me Importa, En Que Cancha juguemos Sin Ver Al Cali, Seguro Que Me Muero, Llegan Los Trapos, Llega Esta Banda Loca, Va Caminando, Nunca Pide Custodia, No Como El Rojo, Tampoco Los Cagandos Que No Se Paran, Por Que No Tienen h*evos ¡Dale, Dale, Dale Cali! ¡Hoy Tenemos Que Ganar! ¡Dale, Dale, Dale Cali! ¡La Vuelta Vamos a Dar! ¡Dale, Dale, Dale Cali! ¡Solo Te Pido La Copa! La Hinchada Esta Loca y No Para De Alentar...",,,,,FanChants,https://www.fanchants.com/es/football-songs/deportivo-cali-chants/deportivo-cali-chant-5-dc/,2026-09-01,2013,Copiado de texto público mediante extracción reproducible,92,aceptado,,No,
CAN0199,CLU009,Deportivo Cali,Te Alentaré Donde Sea,"El Glorioso una enfermedad, Yo lo sigo siempre a donde va, Esta hinchada hoy te vino a ver, Pone h*evos que no podes perder, Te alentaré hasta la muerte, Te alentaré donde sea, Lo único que quiero es ver al Cali campeón, Verlo siempre primero...",,,,,FanChants,https://www.fanchants.com/es/football-songs/deportivo-cali-chants/deportivo-cali-chant-15/,2026-09-01,2013,Copiado de texto público mediante extracción reproducible,45,aceptado,,No,
CAN0200,CLU009,Deportivo Cali,Vamos Todos al Carnaval,"Vamos todos al Carnaval, Alentar al Deportivo, Vamos todos al Carnaval, Alentar al Deportivo Vamos con las banderas, los redoblantes y el tambor, Suden la camiseta que este año sales Campeón...",,,,,FanChants,https://www.fanchants.com/es/football-songs/deportivo-cali-chants/deportivo-cali-chant-16/,2026-09-01,2013,Copiado de texto público mediante extracción reproducible,31,aceptado,,No,
CAN0201,CLU009,Deportivo Cali,Yo Te Quiero Más,"Ole ole ole ole,
Ole ole ola ola,
Un año menos,
Un año más,

Yo soy Caleño,
Es un sentimiento,
No quiero parar...
(Repeated...)",,,,,FanChants,https://www.fanchants.com/es/football-songs/deportivo-cali-chants/deportivo-cali-chant-19/,2026-09-01,2013,Copiado de texto público mediante extracción reproducible,24,aceptado,,No,
CAN0202,CLU009,Deportivo Cali,"¡El Que No Salta, Se Va a la B!","¡Y ya lo ve, y ya lo ve! ¡El que no salta, se va a la B!... (Se repite...)",,,,,FanChants,https://www.fanchants.com/es/football-songs/deportivo-cali-chants/deportivo-cali-chant-2/,2026-09-01,2013,Copiado de texto público mediante extracción reproducible,19,aceptado,,No,
CAN0203,CLU009,Deportivo Cali,¡Hijo de P*ta!,"¡Hijo de p*ta!
¡Hijo de p*ta!
¡Hijo de p*ta!
¡Hijo de p*ta!...",,,,,FanChants,https://www.fanchants.com/es/football-songs/deportivo-cali-chants/deportivo-cali-chant-11/,2026-09-01,2013,Copiado de texto público mediante extracción reproducible,12,aceptado,,No,
CAN0204,CLU009,Deportivo Cali,¡Te Quiero Cali!,"¡Olé, olé, olé, olé! ¡Te quiero Cali! ¡Te quiero Cali!... (Se repite...)",,,,,FanChants,https://www.fanchants.com/es/football-songs/deportivo-cali-chants/deportivo-cali-chant-20/,2026-09-01,2013,Copiado de texto público mediante extracción reproducible,12,aceptado,,No,
CAN0205,CLU009,Deportivo Cali,¡Uruguayo!,¡Uruguayo! ¡Uruguayo! ¡Uruguayo! ¡Uruguayo!... (Se repite...),La captura de FanChants aportada al proyecto describe el canto como apoyo al uruguayo Ernesto Hernández; El Tiempo lo identifica como arquero uruguayo vinculado al Deportivo Cali.,Ernesto Hernández,https://www.eltiempo.com/archivo/documento/cms-15109815,verificado con fuente externa,FanChants,https://www.fanchants.com/es/football-songs/deportivo-cali-chants/deportivo-cali-chant-21/,2026-09-01,2013,Copiado de texto público mediante extracción reproducible,6,aceptado,,No,
CAN0206,CLU010,Independiente Medellín,Azul es mi locura y el rojo es mi pasión,"Toda mi vida saltando en las tribunas
Azul ex mi locura y el Rojo mi pasión
Y muchas veces nos agarro la lluvia
Mojados hasta el putas y todo eso por vos
Pasan los años pasan los jugadores
La Norte esta de fiesta y no para de alentar
Por eso yoo te quiero daaar
Medallooo mi corazooon
Yo te sigo a todas partees
Te queremos ver campeón â™«â™ªâ™«",,,,,Barrabrava.net,https://barrabrava.net/independiente-medellin/rexixtenxia-norte/letra/azul-es-mi-locura-y-el-rojo-es-mi-pasion/,2026-09-01,,Copiado de texto público mediante extracción reproducible,70,aceptado,,No,
CAN0207,CLU010,Independiente Medellín,Azul y rojo tradición de mi región,"Está descontrolada
La banda Indigente está sin cabeza y no entiende nada
Muy descontrolada
Te corre y te pega
Te roba los trapos y te corremos la vida entera
Y por donde sea
Sureño p*to vos andate a Bogotá, no sos arriero
Azul y rojo tradición de mi región, orgullo obrero
Vos sos mi vida yo te quiero de verdad, soy Antioqueño
No cabe duda la verguenza nacional, es ser Sureño
Vamos Independie
Vamos, vamos, vamos, vamos, Independie
Vamos, vamos, vamos, vamos, Independie
Vamos Independiente",,,,,Barrabrava.net,https://barrabrava.net/independiente-medellin/rexixtenxia-norte/letra/azul-y-rojo-tradicion-de-mi-region/,2026-09-01,,Copiado de texto público mediante extracción reproducible,85,aceptado,,No,
CAN0208,CLU010,Independiente Medellín,Cha77arra xoy,"Chattarra soyyy, de alma y corazón, te quiero ver campeón en Santa quiero estar, con vino festejar, celebra medellin con fiesta y carnaval
Ya me voy para la cancha, con los bombos y con los trapos, a mi no me importa nadaaa,soy borracho cha77arrerooo",,,,,Barrabrava.net,https://barrabrava.net/independiente-medellin/rexixtenxia-norte/letra/cha77arra-xoy/,2026-09-01,,Copiado de texto público mediante extracción reproducible,45,aceptado,,No,
CAN0209,CLU010,Independiente Medellín,De pequeño yo soy hincha del medallo,"Desde pequeño yo soy hincha del medallo
El equipo más amado
por las fuerzas de mi corazón
la alegría de la banda indigente
la que siempre está presente
alentándolo al campeón
incontables son los
juegos que ganamos y a
las canchas que
llegamos,
festejamos con leños y
aguardientes
porque vos sabes
sos nuestra alegría que
por vos damos la vida
y es por eso que sigo al
independiente
por eso pido al campeón
ganar la copa
aunque sufra en la
derrota yo lo intento
y saco fuerzas pa ir al
frente
aunque ganes aunque
pierdas yo te quiero
somos la banda
indigente que te alienta
la que te lleva en el alma
y esta aquiiiiii.....",,,,,Barrabrava.net,https://barrabrava.net/independiente-medellin/rexixtenxia-norte/letra/de-pequeno-yo-soy-hincha-del-medallo/,2026-09-01,,Copiado de texto público mediante extracción reproducible,115,aceptado,,No,
CAN0210,CLU010,Independiente Medellín,Del Rojo soy (No me importaron 45 años),"No me importaron 45 Años
Ni la quiebra ni el puto alquiler
Ni la copa que pablo a los verduleros les compro
Aunque Ganes o aunque pierdas yo estaré
Del Rojo soy del Rojo soy feliz
Loco estoy yo por vos mi Medellín
Te eh sido Fiel
Tal vez pasando muchos sufrimientos REXIXTI
Somos la mejor hinchada del país",,,,,Barrabrava.net,https://barrabrava.net/independiente-medellin/rexixtenxia-norte/letra/del-rojo-soy-no-me-importaron-45-anos/,2026-09-01,,Copiado de texto público mediante extracción reproducible,59,aceptado,,No,
CAN0211,CLU010,Independiente Medellín,Dextruxion Cd centenario del Equipo del pueblo,"Aprendí de mi viejo a alentar en las buenas y malas
En mi vida dejé tantas cosas, solo por vos
Mil dolores supimos cambiar por una alegría
Un amor que será para siempre y sin condición...
Medellín yo te quiero, cantamos cada Domingo
No importan resultados, la cancha, ni la posición
Fueron tantos momentos, lugares y campeonatos
Y me quiero quedar junto a vos 100 años más...
100 años más, 100 años más, 100 años más, 100 años más...
La banda está de fiesta y borrachos todos cantando
Este amor acelera los pulsos de mi corazón
Medellín por siempre y para siempre el amor de mi vida
Medellín la droga y la locura de mi corazón...
100 años más, 100 años más, 100 años más, 100 años más, 100 años más, 100 años más, 100 años más, 100 años más... (x2)",,,,,Barrabrava.net,https://barrabrava.net/independiente-medellin/rexixtenxia-norte/letra/dextruxion-cd-centenario-del-equipo-del-pueblo/,2026-09-01,,Copiado de texto público mediante extracción reproducible,141,aceptado,,No,
CAN0212,CLU010,Independiente Medellín,Dicen que estamos locos de la cabeza,"Dicen que estamos locos de la cabeza
Vamos Tomando vino y mucha cerveza
Vamos a popular el fin de semana
Y Nos fumamos toda la Marihuana
Sooooy Soy del Rojo
Sooooy soy del Rojo â™«â™ª",,,,,Barrabrava.net,https://barrabrava.net/independiente-medellin/rexixtenxia-norte/letra/dicen-que-estamos-locos-de-la-cabeza/,2026-09-01,,Copiado de texto público mediante extracción reproducible,37,aceptado,,No,
CAN0213,CLU010,Independiente Medellín,El decano de Colombia,"Que ya no se engañe el cali lo dijo un historiador,
el decano de Colombia es el rojo por tradición.
En un pueblo de arrieros comenzó algo sin fin,
es la historia mas hermosa independiente Medellin.
Y pasa el tiempo,
y esto mas crece,
el sentimiento de 1913,
sos mi orgullo,
lo que mas quiero
sos lo mas grande que existe en el mundo entero.",,,,,Barrabrava.net,https://barrabrava.net/independiente-medellin/rexixtenxia-norte/letra/el-decano-de-colombia/,2026-09-01,,Copiado de texto público mediante extracción reproducible,65,aceptado,,No,
CAN0214,CLU010,Independiente Medellín,El dia que te fui a ver,"El Día que te fui a ver
De ti yo me enamore
Mi corazón de Amor con pasión palpito
A mi siempre me dijeron
Que el Rojo no sale primero
Pero con Grito de Gloria Campeón yo Grite
Yo te sigo Medellin a todos lados
Donde quiera que juegues te estaré alentando
Y Aunque estés de Colero
Yo siempre voy a estar
Por que somos Antioqueños somos Carnaval
Vamo' independiente
Vamo' independiente Medallo de mi vida
Vamo' independiente
Vamo' Independiente vos sos la alegría
Vamo' independiente
Vamo' independiente ooooh",,,,,Barrabrava.net,https://barrabrava.net/independiente-medellin/rexixtenxia-norte/letra/el-dia-que-te-fui-a-ver/,2026-09-01,,Copiado de texto público mediante extracción reproducible,89,aceptado,,No,
CAN0215,CLU010,Independiente Medellín,El Día De La Vuelta,"Pronto llegará
El día de la vuelta,
Vamos rojos pongan huevos
La norte no te deja alentar (x2)
Desde niño te aprendí a querer…
Cantando fuerte siempre yo estaré …
Te digo solo nunca quedarás….
Porque sos mi pasión y enfermedad…
A esta enfermedad le llamo amor…
Medallo te llevo en el corazón ….
Juntos te alentaremos sin parar
Deja el alma y nuestra suerte cambiará…",,,,,Barrabrava.net,https://barrabrava.net/independiente-medellin/rexixtenxia-norte/letra/el-dia-de-la-vuelta/,2026-09-01,,Copiado de texto público mediante extracción reproducible,64,aceptado,,No,
CAN0216,CLU010,Independiente Medellín,El que no alienta al rojo para que hijvepvtas vino,"Descontrolado yo vengo igual...
De visitante o de local...
Fumando porro y tomando vino...
El que no alienta al rojo, para que hijvepvtas vino.",,,,,Barrabrava.net,https://barrabrava.net/independiente-medellin/rexixtenxia-norte/letra/el-que-no-alienta-al-rojo-para-que-hijvepvtas-vino/,2026-09-01,,Copiado de texto público mediante extracción reproducible,24,aceptado,,No,
CAN0217,CLU010,Independiente Medellín,Es la FAMOXA Banda,"Es la Famoxa Banda,le dicen chattarreros,en colombia la conocen porque les sobran huevos
Es su gente que está siempre en las buenas y en las malas mucho más y más y más
Vamos medellin,vamos a ganar porque la chattarra te vino alentar,yo por vos llore y viaje en mula,donde vos jugues siempre voy a estar",,,,,Barrabrava.net,https://barrabrava.net/independiente-medellin/rexixtenxia-norte/letra/es-la-famoxa-banda/,2026-09-01,,Copiado de texto público mediante extracción reproducible,60,aceptado,,No,
CAN0218,CLU010,Independiente Medellín,Esa es la Banda puta de los sureños,"Esa es la Banda puta de los sureños,la que tiene de moza a los del gobierno, la que le tiene miedo a los mano a manos, la que intentó robarnos y fracasaron, son todas sapos",,,,,Barrabrava.net,https://barrabrava.net/independiente-medellin/rexixtenxia-norte/letra/esa-es-la-banda-puta-de-los-surenos/,2026-09-01,,Copiado de texto público mediante extracción reproducible,36,aceptado,,No,
CAN0219,CLU010,Independiente Medellín,Esta es la hinchada paisa,"esta es la hinchada paisa
directo de la montaña
la que siempre al rojo viene a ver
en las buenas y en las malas esta hinchada te acompaña
son la que a mi alma le da placer
independiente voz sos la razón de mi existir
vamo´ medallo que en la norte vamo´ a resistir
sea Local o visitante
mi voz siempre se escuchara
sea en la norte o en la calle
esta banda no te fallara
y vamos medallo pongamos mas huevo
yo quiero ser campeón de nuevo
y vamos decano pongamos mas huevo
por todo tu pueblo antioqueño â™ªâ™«â™ªâ™«",,,,,Barrabrava.net,https://barrabrava.net/independiente-medellin/rexixtenxia-norte/letra/esta-es-la-hinchada-paisa/,2026-09-01,,Copiado de texto público mediante extracción reproducible,103,aceptado,,No,
CAN0220,CLU010,Independiente Medellín,Hace tiempo que yo te vengo alentar,"Hace tiempo que yo,te vengo alentar en la popular
Muchas veces llore tambien festeje y vengo a pelear
Nada pudo cambiar todo lo que yo, hoy siento por vos
Ni el puto burdel podran acabar toda esta pasion
Vamos vamos mi medallo
Vamos vamos a ganar
Vamos medellin hoy te venimos a ver
Vamos medellin hoy no podemos perder",,,,,Barrabrava.net,https://barrabrava.net/independiente-medellin/rexixtenxia-norte/letra/hace-tiempo-que-yo-te-vengo-alentar/,2026-09-01,,Copiado de texto público mediante extracción reproducible,60,aceptado,,No,
CAN0221,CLU010,Independiente Medellín,Hay una cosa que te voy asegurar,"Hay una cosa que te voy asegurar
que al poderoso no lo vamo´ abandonar
tu hermosa Hinchada que lleva mas de un Centenario..
Y Hasta la muerte siempre te estará Alentando
Aunque ya fueron muchas veces que sufrí
No importa nada el sentimiento Medellin
y Aunque pierdas nunca para ni un segundo
Siempre te Alienta LA HINCHADA MAS LINDA DEL MUNDO
Vamos Campeón.. esta es la Hinchada que nunca Abandono
Sos mi Pasión.. se me para el corazón cada vez que estoy con vos
Y no me importa que me digan mis amigos
que el rojo nunca a ganado nada
lo siento y lo digo con orgullo
Rojo Es mi Corazón.. Medelin mi gran Amor",,,,,Barrabrava.net,https://barrabrava.net/independiente-medellin/rexixtenxia-norte/letra/hay-una-cosa-que-te-voy-asegurar/,2026-09-01,,Copiado de texto público mediante extracción reproducible,115,aceptado,,No,
CAN0222,CLU010,Independiente Medellín,Hinchada solo hay una y es la del medelllin,"Campeon, campeon
Campeones por montones
Hinchada solo hay una y es la del medellin",,,,,Barrabrava.net,https://barrabrava.net/independiente-medellin/rexixtenxia-norte/letra/hinchada-solo-hay-una-y-es-la-del-medelllin/,2026-09-01,,Copiado de texto público mediante extracción reproducible,14,aceptado,,No,
CAN0223,CLU010,Independiente Medellín,Hoy quiero volverte a ver,"Hoy quiero volverte a ver
Hoy volvemos a la cancha
Somos fiesta y carnaval
En las buenas y en las malas
A mi nunca me importó la posición en que vallas
Las finales sin jugar ni tantas malas campañas.
Jugadores pongan el pecho y sus corazones
En la cancha
Dejen la vida aunque no sean campeones
Pongan huevos
Jueguen como hinchas por estos colores
Representan al pueblo paisa y sus tradiciones",,,,,Barrabrava.net,https://barrabrava.net/independiente-medellin/rexixtenxia-norte/letra/hoy-quiero-volverte-a-ver/,2026-09-01,,Copiado de texto público mediante extracción reproducible,71,aceptado,,No,
CAN0224,CLU010,Independiente Medellín,La Norte Ya llego,"Dejare mi tierra por ti
Dejare mi alma y me ire
Detras de Ti
Seguire alentando hasta el fin
Y con la banda partire
Lejos de aqui
De dia Alentare siempre al independiente
De Noche el Aguante me acompañara
Seras vos Medellin lo mejor de este mundo
Me voy pero te juro que el Domingo volvere
Medellin la Norte ya llego
Los del Rojo llegan con su descontrol
Fumando Marihuana desde por la mañana
Medallo esta es tu hinchada que te quiere ver Campeon
Al salir el verde se Cago
Con los tombos y los Putos del baron
Lloraran sus caidos los verdes malparidos
Medallo esta es tu hinchada que te quiere ver campeon",,,,,Barrabrava.net,https://barrabrava.net/independiente-medellin/rexixtenxia-norte/letra/la-norte-ya-llego/,2026-09-01,,Copiado de texto público mediante extracción reproducible,114,aceptado,,No,
CAN0225,CLU010,Independiente Medellín,La que vuelve de lax vacaxionex,"Es la famosa Banda la que vuelve de las vacaciones, la que sigue al medallo la que mata por estos colores
Los traidores que nos chupen bien los huevos ohhhh porque hoy estamos otra vez de nuevo ohhhh
Hoy la Banda chattarrera es una fiesta,vamos medallo a dar la vuelta y no me importa la puta tienda",,,,,Barrabrava.net,https://barrabrava.net/independiente-medellin/rexixtenxia-norte/letra/la-que-vuelve-de-lax-vacaxionex/,2026-09-01,,Copiado de texto público mediante extracción reproducible,58,aceptado,,No,
CAN0226,CLU010,Independiente Medellín,Matador De La Cuna Al Cajon,"Medellin...
De nuevo toda esta hinchada esta contigo
por que sos...
El orgullo de mi tierra, y de mi pueblo querido...
Medellin...
Sos la droga que me falta para estar vivo..
y acá estoy..
siempre alentado al decano yo dar la vuelta imagino
vamos.. Medellin
Vamos a dar la vuelta... Medellin
La Hinchada esta de Fiesta.. Medellin
Ganes o pierdas te Alienta...
Matador de la cuna al cajón, el mas hermoso sentimiento
sos la herencia de mis viejos, sos mi eterna enfermedad...",,,,,Barrabrava.net,https://barrabrava.net/independiente-medellin/rexixtenxia-norte/letra/matador-de-la-cuna-al-cajon/,2026-09-01,,Copiado de texto público mediante extracción reproducible,82,aceptado,,No,
CAN0227,CLU010,Independiente Medellín,Me dicen el Matador soy del Medallo,"Me dicen el Matador soy del Medallo
La hinchada de Indigentes y de Borrachos
Que todos los Domingos a la Norte voy a ver al Rojo
Por que se que en cualquier momento va a salir campeon
Sale Rojoo sale Rojoo sale Rojoo Sale Rojoo Sale Rojoo (x2)
Señores yo soy del Rojo de la montaña
Y sigo siempre al Medallo por donde vaya
Por que es un sentimiento que se lleva en el corazon
Yo daria toda mi vida por ser Campeon
Dale dale ooh Dale dale ooh Dale dale ooh Dale dale ooh (x2) â™«â™ª",,,,,Barrabrava.net,https://barrabrava.net/independiente-medellin/rexixtenxia-norte/letra/me-dicen-el-matador-soy-del-medallo/,2026-09-01,,Copiado de texto público mediante extracción reproducible,99,aceptado,,No,
CAN0228,CLU010,Independiente Medellín,Medallo al norte ya llegó,"Medallo al norte ya llegó
La que deja la vida por vos
Siempre vamo’ a todo lado
Con la Murga y con los trapos…
DESCONTRALADOOOOOOS
Te queremos ver campeón otra vez",,,,,Barrabrava.net,https://barrabrava.net/independiente-medellin/rexixtenxia-norte/letra/medallo-al-norte-ya-llego/,2026-09-01,,Copiado de texto público mediante extracción reproducible,31,aceptado,,No,
CAN0229,CLU010,Independiente Medellín,Medallo ponga huevo,"Medallo no importa donde juegues voy a todos lados, local o visitante voy descontrolado, medallo ponga huevo que ganamos
Vamos medellin hoy te he venido alentar, para ser campeón hoy hay que ganar",,,,,Barrabrava.net,https://barrabrava.net/independiente-medellin/rexixtenxia-norte/letra/medallo-ponga-huevo/,2026-09-01,,Copiado de texto público mediante extracción reproducible,33,aceptado,,No,
CAN0230,CLU010,Independiente Medellín,"Medallo, La Norte ya llegó","Medallo, La Norte ya llegó
La que deja la vida por vos
Siempre vamos a todos lados
Con la Murga y con los trapos, descontrolados
Te queremos ver campeón otra vez",,,,,Barrabrava.net,https://barrabrava.net/independiente-medellin/rexixtenxia-norte/letra/medallo-la-norte-ya-llego/,2026-09-01,,Copiado de texto público mediante extracción reproducible,31,aceptado,,No,
CAN0231,CLU010,Independiente Medellín,Medellin mi gran amor..,"Vamos Campeón.. esta es la Hinchada que nunca Abandono..
Sos mi Pasión.. se me para el corazón cada vez que estoy con vos..
Y no me importa que me digan mis amigos..
que el rojo nunca a ganado nada..
lo siento y lo digo con orgullo..
Rojo Es mi Corazón.. Medelin mi gran Amor...
Hay una cosa que te voy asegurar...
que al poderoso no lo vamo´ abandonar..
tu hermosa Hinchada que lleva mas de un Centenario..
Y Hasta la muerte siempre te estará Alentando
Aunque ya fueron muchas veces que sufrí..
No importa nada el sentimiento Medellin..
y Aunque pierdas nunca para ni un segundo..
Siempre te Alienta LA HINCHADA MAS LINDA DEL MUNDO..",,,,,Barrabrava.net,https://barrabrava.net/independiente-medellin/rexixtenxia-norte/letra/medellin-mi-gran-amor/,2026-09-01,,Copiado de texto público mediante extracción reproducible,115,aceptado,,No,
CAN0232,CLU010,Independiente Medellín,Mi sangre lleva ese color,"Mi sangre lleva ese color Rojo de mi corazón
Ya no me importa nada voy con vos
No se como explicar esta pasión
Se mueve la popular nadie lo puede entender
La Banda no te deja de alentar
No importa si en la cancha vos perdes
Independiente yo te sigo
Siempre voy a estar contigo
Aunque nos mande la tomba el burdel
Todavía estas llorando
verde no era para tanto
Solamente te robamos la de andres",,,,,Barrabrava.net,https://barrabrava.net/independiente-medellin/rexixtenxia-norte/letra/mi-sangre-lleva-ese-color/,2026-09-01,,Copiado de texto público mediante extracción reproducible,76,aceptado,,No,
CAN0233,CLU010,Independiente Medellín,Mi Vicio Es Medellín - CD 100 años de tradición Antioqueña,"Llevo puesta la camisa que llena mi vida de significado...
El escudo de mi equipo, este amor inmenso en mi piel tatuado
Tengo dentro de mi mente aquellos amigos que hemos perdido
No olvidamos que allá arriba siempre están contigo
Mi vicio es Medellín, sos mi razón mas fuerte
La locura sin fin, ser del Rojo hasta la muerte...
Vamos campeón, vamo' a ganar
Por que esta banda no para de alentar
Vamos campeón no voy a parar
Esta es tu hinchada que nunca va a faltar
Yo siempre te sigo donde quiera que vas
La banda Indigente no te va a abandonar
De Corazón, Poderoso Yo Te Sigo...â™«â™ª",,,,,Barrabrava.net,https://barrabrava.net/independiente-medellin/rexixtenxia-norte/letra/mi-vicio-es-medellin-cd-100-anos-de-tradicion-antioquena/,2026-09-01,,Copiado de texto público mediante extracción reproducible,112,aceptado,,No,
CAN0234,CLU010,Independiente Medellín,Mi viejo de niño me decia,"Mi viejo, de niño me decía
que el rojo, es una tradición
por eso, voy re loco ala cancha
y vengo, a cantarte a vos
te quiero, vos sos mi alegría
te llevo, dentro del corazón
decano, sos mi estilo de vida
y dejo, todo por verte a vos
vamos medallo, ponga mas huevo
para salir primero
vamos medallo, ponga mas huevo
para salir campeón
esta es tu hinchada, la que te alienta
la que no te abandona
la que te sigue, a todo lado
quiere ganar la copa",,,,,Barrabrava.net,https://barrabrava.net/independiente-medellin/rexixtenxia-norte/letra/mi-viejo-de-nino-me-decia/,2026-09-01,,Copiado de texto público mediante extracción reproducible,89,aceptado,,No,
CAN0235,CLU010,Independiente Medellín,No me hablen de la mafia,"No me hablen de la mafia, porque nunca se nos paran, acordate vos ese día que tuvistes que huir, llamaste a la policía, eso fue en la minorista y en la gasolinería llamaste a la convivir
La calle colombia la vamos a copar, porque ningún combate no nos pueden ganar, vamos poderoso pongamos mas huevos, que tenemos que ganar
La mafia y la guarida ya empiezan a correr, el Cali y el Valle los vamos a prender, los putos rebeldes están todos cagados porque vamos a volver",,,,,Barrabrava.net,https://barrabrava.net/independiente-medellin/rexixtenxia-norte/letra/no-me-hablen-de-la-mafia/,2026-09-01,,Copiado de texto público mediante extracción reproducible,87,aceptado,,No,
CAN0236,CLU010,Independiente Medellín,No te voy abandonar,"No te voy abandonar Rojo de mi Alma te vengo alentar
Yo solo espero que tu,Lo dejes todo siempre al Jugar
Y la fiesta en popular, Con bombos trompetas yo empiezo a cantar,
pues la alegria llego a todo furor comenzando el Carnaval
Medellin, sos lo mas grande de todo mi existir
A toda cancha yo te voy a seguir
y a tu lado yo quiero Morir",,,,,Barrabrava.net,https://barrabrava.net/independiente-medellin/rexixtenxia-norte/letra/no-te-voy-abandonar/,2026-09-01,,Copiado de texto público mediante extracción reproducible,68,aceptado,,No,
CAN0237,CLU010,Independiente Medellín,Por la camisa del rojo ganar o morir,"Saben que en todo momento hemos alentado
saben que dejamos todo por el Medellin
saben que aunque sean malas nunca abandonamos
y aunque ganen o aunque pierdan estamos aquí
Yo quiero que el jugador sienta la camiseta
como lo hace esta hinchada que va tras de ti
que quieran salir primeros quieran dar la vuelta
que el escudo azul y rojo los haga vivir
A ver a los jugadores si pueden oir
por la camisa del rojo ganar o morir
A ver si nos entendemos, a ver si nos oyen
vamos rojo pongan huevo vamos medellin",,,,,Barrabrava.net,https://barrabrava.net/independiente-medellin/rexixtenxia-norte/letra/por-la-camisa-del-rojo-ganar-o-morir/,2026-09-01,,Copiado de texto público mediante extracción reproducible,96,aceptado,,No,
CAN0238,CLU010,Independiente Medellín,Por mas que quieran callar toda nuestra voz,"oooooh oooooh oooooh oooooh
Por Mas Que quieran callar toda nuestra voz
Y piensen que solo somos un montón de idiotas
Ya no podrán sacarnos de nuestro lugar
La REXIXTENXIA esta en la NORTE y no para de alentar â™«â™ª",,,,,Barrabrava.net,https://barrabrava.net/independiente-medellin/rexixtenxia-norte/letra/por-mas-que-quieran-callar-toda-nuestra-voz/,2026-09-01,,Copiado de texto público mediante extracción reproducible,42,aceptado,,No,
CAN0239,CLU010,Independiente Medellín,Rojo mi buen amigo,"Rojo.. mi buen amigo ..
Esta campaña volveremos a estar contigo..
Te alentaremos de corazón..
Esta es la hinchada que te quiere ver campeón..
Somos todos Indigentes..
Una Hinchada popular...
Yo te sigo a todas partes..
Cada vez te quiero mas..",,,,,Barrabrava.net,https://barrabrava.net/independiente-medellin/rexixtenxia-norte/letra/rojo-mi-buen-amigo/,2026-09-01,,Copiado de texto público mediante extracción reproducible,40,aceptado,,No,
CAN0240,CLU010,Independiente Medellín,Rojo y Antioqueño,"Rojo y Anioqueño yo naci..
Por Vos La Cabeza Hasta Perdí..
Te Llevamos en el corazón..
somo presos de esta ilusión..
Yo Soy Así, Paisa Soy Yo
Y Donde Vallas yo voy con vos..
vos sos así puto burdel
el que no para de correr...",,,,,Barrabrava.net,https://barrabrava.net/independiente-medellin/rexixtenxia-norte/letra/rojo-y-antioqueno/,2026-09-01,,Copiado de texto público mediante extracción reproducible,45,aceptado,,No,
CAN0241,CLU010,Independiente Medellín,Sabes todo lo que siento,"Sabes Todo Lo que siento
Yo te Llevo Adentro
De Mi corazon
Vamos Vamos Mi MEDALLO
Dame Una Alegria
quiero ser campeon â™«â™ªâ™«",,,,,Barrabrava.net,https://barrabrava.net/independiente-medellin/rexixtenxia-norte/letra/sabes-todo-lo-que-siento/,2026-09-01,,Copiado de texto público mediante extracción reproducible,25,aceptado,,No,
CAN0242,CLU010,Independiente Medellín,Señores somos los cha77arrerox,"Señores somos los chatarreros,al rojo venimos alentar,no importa los malos resultados,nunca te vamos abandonar
Rojo sos mi pasión,otra estrella es mi obsesión,yo te aliento de la cuna hasta al cajón
Muchos años pasarán y la Banda quedará la chattarra se la aguanta de verdad",,,,,Barrabrava.net,https://barrabrava.net/independiente-medellin/rexixtenxia-norte/letra/senores-somos-los-cha77arrerox/,2026-09-01,,Copiado de texto público mediante extracción reproducible,49,aceptado,,No,
CAN0243,CLU010,Independiente Medellín,Señores soy hincha del rojo lo llevo en el alma,"Señores soy hincha del rojo lo llevo en el alma..
la hinchada que en todo momento siempre te acompaña..
por eso le digo a la gente que sós sentimiento...
te sigo de loco y con todas mis fuerzas te aliento...
Recuerdo que juntos pasamos muy duros momentos..
Y tu no cambiaste por fuerte que fueran los tiempos..
A los jugadores les pido que dejen la vida..
Que cuando me muera te voy a alentar desde arriba...
se viene la banda de norte...
se viene la banda de norte...
se viene la banda de norte..
La del Medellin....",,,,,Barrabrava.net,https://barrabrava.net/independiente-medellin/rexixtenxia-norte/letra/senores-soy-hincha-del-rojo-lo-llevo-en-el-alma/,2026-09-01,,Copiado de texto público mediante extracción reproducible,97,aceptado,,No,
CAN0244,CLU010,Independiente Medellín,Somos los que te seguimos,"Somos los que te seguimos..
Los que vamos siempre con vos...
Viajamos a todas las canchas..
Dejando la vida por vos...
En las buenas vienen todos..
Pero en las malas hay que estar...
Nosotros no te abandonamos.
Venimos Igual..",,,,,Barrabrava.net,https://barrabrava.net/independiente-medellin/rexixtenxia-norte/letra/somos-los-que-te-seguimos/,2026-09-01,,Copiado de texto público mediante extracción reproducible,39,aceptado,,No,
CAN0245,CLU010,Independiente Medellín,Soy de los chattax,"Soy de los Chattax y vinimos a ver al Medellín
Soy de los chattax y vinimos a ver al Medellín
Huevo poderoso que tenemos que ganar que esta hinchada la vuelta quiere dar
Huevo poderoso que tenemos que ganar que esta hinchada la vuelta quiere dar",,,,,Barrabrava.net,https://barrabrava.net/independiente-medellin/rexixtenxia-norte/letra/soy-de-los-chattax/,2026-09-01,,Copiado de texto público mediante extracción reproducible,46,aceptado,,No,
CAN0246,CLU010,Independiente Medellín,Tan solo dos estrellas,"Semana tras semana preparando los viajes
Que no falte el aguante en nuestro equipaje
Con muy poco dinero pero nos da igual
Lo mas importante es venirte a alentar
No soporto oír un partido en la radio
Prefiero dejar el alma en el Estadio
Medellin sos mi vida mi eterna pasión
Te llevo grabado en el corazón
Tan solo 2 estrellas
Bastaron para amarte
Pues NO somos iguales a los del montón
No puedo explicar lo que siento por vos",,,,,Barrabrava.net,https://barrabrava.net/independiente-medellin/rexixtenxia-norte/letra/tan-solo-dos-estrellas/,2026-09-01,,Copiado de texto público mediante extracción reproducible,80,aceptado,,No,
CAN0247,CLU010,Independiente Medellín,Un 27 dimos la vuelta,"Un 27 de junio dimos la vuelta
y las Gallinas lloraran la vida entera
esta es la banda que tiene mas aguante
la que te alienta local o visitante
Estamos todos locos de la cabeza
yo voy a Norte y me tomo una cerveza
te juro Rojo no te voy a dejar
ni en el día de mi funeral",,,,,Barrabrava.net,https://barrabrava.net/independiente-medellin/rexixtenxia-norte/letra/un-27-dimos-la-vuelta/,2026-09-01,,Copiado de texto público mediante extracción reproducible,59,aceptado,,No,
CAN0248,CLU010,Independiente Medellín,Un domingo más - CD 100 años de tradición Antioqueña,"Cada vez que te aliento a vos
Entra en mi cuerpo una gran ilusión
Cada vez que te aliento a vos
Hay un momento de satisfacción
Siempre que entro a la Norte Campeón
Siempre te aliento con el Corazón
Siempre perdido en una pasión
Siempre creyente de una ilusión
Del corazón, salga campeón
Sigo presente por siempre Indigente NUNCA te he fallado
Una ilusión, salga campeón
Te sigo demente por siempre presentes en cualquier rincón
Un domingo mas, fiesta en la ciudad
Las calles se cierran, llega el carnaval
Un domingo mas llego a popular
Que empiece la murga vamos a alentar
Cada domingo yo te vengo a ver
Siempre te aliento no podes perder
llega la hora empieza a jugar
Pongan mas huevos tenés que ganar
Con lluvia o con sol
Con huevo y sudor
Que siga la Norte, que siga el Derroche en mi corazón
Re loco por vos
Borracho ya estoy
Te sigo demente por siempre presentes en cualquier rincón
Un domingo mas, fiesta en la ciudad
Las calles se cierran, llega el carnaval
Un domingo mas llego a popular
Que empiece la murga vamos a alentar (x2)",,,,,Barrabrava.net,https://barrabrava.net/independiente-medellin/rexixtenxia-norte/letra/un-domingo-mas-cd-100-anos-de-tradicion-antioquena/,2026-09-01,,Copiado de texto público mediante extracción reproducible,191,aceptado,,No,
CAN0249,CLU010,Independiente Medellín,Una noche especial,"Es una noche especial, no te la vas a perder, la mafia va a correr la piñata también",,,,,Barrabrava.net,https://barrabrava.net/independiente-medellin/rexixtenxia-norte/letra/una-noche-especial/,2026-09-01,,Copiado de texto público mediante extracción reproducible,18,aceptado,,No,
CAN0250,CLU010,Independiente Medellín,"Vamos campeón, quiero ganar y...","Desde el dia en que naci..
Yo me hice hincha del Medellin...
Siempre te voy a Alentar..aqui en la Norte Rexixtir
Vallas a donde vallas.. a todas partes te seguiremos....
Vamos Campeón.. Quiero ganar yyy...
Matar a los sureños...
Vamos los rojos no le falles a tu hinchada..
la que te sigue en las buenas y en las malas..
Vamos los rojos te llevo bien adentro
y nos cagamos en todos los sureños..
Yo soy Así al rojo yo lo quiero..
y el verdee..
Me chupara los huevos",,,,,Barrabrava.net,https://barrabrava.net/independiente-medellin/rexixtenxia-norte/letra/vamos-campeon-quiero-ganar-y/,2026-09-01,,Copiado de texto público mediante extracción reproducible,89,aceptado,,No,
CAN0251,CLU010,Independiente Medellín,Vamos Vamos Poderoso Vamo a Ganar,"Vamos Vamos Poderoso Vamo a Ganar
que Esta Hinchada No Te Deja De Alentar
Yo Te sigo A Todas Partes A Donde Vas
cada Vez Te quiero Mas",,,,,Barrabrava.net,https://barrabrava.net/independiente-medellin/rexixtenxia-norte/letra/vamos-vamos-poderoso-vamo-a-ganar/,2026-09-01,,Copiado de texto público mediante extracción reproducible,28,aceptado,,No,
CAN0252,CLU010,Independiente Medellín,Verde no sos nada,"Ohhhhh
Verde no sos nada
Campeones
En tu cara
Ohhhhh
Verde no sos nada
Campeones
En tu cara
Ohhhhh
Verde no sos nada
Campeones
En tu cara",,,,,Barrabrava.net,https://barrabrava.net/independiente-medellin/rexixtenxia-norte/letra/verde-no-sos-nada/,2026-09-01,,Copiado de texto público mediante extracción reproducible,27,aceptado,,No,
CAN0253,CLU010,Independiente Medellín,Yo siempre voy re loco por el rojo,"Ya la Ves ya llego
es la banda del Independiente
si ganas o perdes
No le importa siempre esta presente
Yo siempre voy re loco por el Rojo
No me importa la cancha yo aliento
Por que somos la banda de Antioqueños Del pueblo
Yo soy de tierra humilde y pujante
somos hijos de obreros y arrieros
la banda que por los colores deja la vida",,,,,Barrabrava.net,https://barrabrava.net/independiente-medellin/rexixtenxia-norte/letra/yo-siempre-voy-re-loco-por-el-rojo/,2026-09-01,,Copiado de texto público mediante extracción reproducible,66,aceptado,,No,
CAN0254,CLU010,Independiente Medellín,Yo Soy Así,"Yo soy Así... Gritando Rojo Te Quiero Voy A Morir
Yo soy Así... Gritando Rojo Te Quiero Voy A Morir...
Ay Una cosa que solo Le Pido A Dios
Que El Rojo Vaya Con Migo Hasta El Cajón
Y Vallas A Donde Vayas Yo Voy Con Vos
Al Verde La Puta Madre Que Lo Pario... â™«â™ªâ™«",,,,,Barrabrava.net,https://barrabrava.net/independiente-medellin/rexixtenxia-norte/letra/yo-soy-asi/,2026-09-01,,Copiado de texto público mediante extracción reproducible,58,aceptado,,No,
CAN0255,CLU010,Independiente Medellín,A Ver Si Lo Escuchan,"A ver si lo escuchan, A ver si lo entienden, Nosotros seremos, Un club de la gente... Sueños del balón, Me chupan los huevos, Son los dirigentes, Que roban dinero... Porque Ciro ladrón, Entregas la institución Porque Ciro ladrón La puta que te parió...",,,,,FanChants,https://www.fanchants.com/es/football-songs/independiente-medellin-chants/sometimes-you-listen/,2026-09-01,2012,Copiado de texto público mediante extracción reproducible,44,aceptado,,No,
CAN0256,CLU010,Independiente Medellín,A Ver Si Ponen Huevo,"Jugadores la p*ta de su madre, 
A ver si ponen huevo,
No le ganan a nadie...",,,,,FanChants,https://www.fanchants.com/es/football-songs/independiente-medellin-chants/players-ind/,2026-09-01,2013,Copiado de texto público mediante extracción reproducible,16,aceptado,,No,
CAN0257,CLU010,Independiente Medellín,Dale Dale Medellín,"Dale dale Medellín, Hoy te venimos a alentar, Para ser campeón hoy hay que ganar…",,,,,FanChants,https://www.fanchants.com/es/football-songs/independiente-medellin-chants/dale-dale-medellin/,2026-09-01,2012,Copiado de texto público mediante extracción reproducible,15,aceptado,,No,
CAN0258,CLU010,Independiente Medellín,Directivos Directivos,"Directivos, directivos, No se lo decimos más, Si nos venden el equipo, Que problema se va a armar...",,,,,FanChants,https://www.fanchants.com/es/football-songs/independiente-medellin-chants/unknown-medellin/,2026-09-01,2012,Copiado de texto público mediante extracción reproducible,18,aceptado,,No,
CAN0259,CLU010,Independiente Medellín,El Rojo Va a Salir Campeón,"El rojo va a salir campeón, El rojo va a salir campeón, El dia que se vayan todos esos directivos, dueños del balón... (Se repite...)",,,,,FanChants,https://www.fanchants.com/es/football-songs/independiente-medellin-chants/reds-will-leave-champions/,2026-09-01,2012,Copiado de texto público mediante extracción reproducible,25,aceptado,,No,
CAN0260,CLU010,Independiente Medellín,Esta Es la Diferencia,"Esa es la diferencia, Entre hincha y jugador, Ustedes vienen por dinero, Nosotros por la institución…",,,,,FanChants,https://www.fanchants.com/es/football-songs/independiente-medellin-chants/difference/,2026-09-01,2012,Copiado de texto público mediante extracción reproducible,16,aceptado,,No,
CAN0261,CLU010,Independiente Medellín,Esta Hinchada Se Respeta,"Oh no les da vergüenza, Esta hinchada se respeta... (Repite)",,,,,FanChants,https://www.fanchants.com/es/football-songs/independiente-medellin-chants/independiente-medellin-chant-2-in/,2026-09-01,2013,Copiado de texto público mediante extracción reproducible,10,aceptado,,No,
CAN0262,CLU010,Independiente Medellín,Fuera Ciro,"Fuera Ciro, fuera Ciro, Fuera Ciro, fuera Ciro... (Repite)",,,,,FanChants,https://www.fanchants.com/es/football-songs/independiente-medellin-chants/out-in/,2026-09-01,2013,Copiado de texto público mediante extracción reproducible,9,aceptado,,No,
CAN0263,CLU010,Independiente Medellín,Jugadores Jugadores,"Jugadores, jugadores, No se lo decimos más, Si no ganan esta tarde, Que problema se va a armar...",,,,,FanChants,https://www.fanchants.com/es/football-songs/independiente-medellin-chants/players-in/,2026-09-01,2013,Copiado de texto público mediante extracción reproducible,18,aceptado,,No,
CAN0264,CLU010,Independiente Medellín,Movete Rojo Movete,"Movete Rojo movete, Movete y deja de j*der, Que esta hinchada esta p*ta, hoy no podemos perder...",,,,,FanChants,https://www.fanchants.com/es/football-songs/independiente-medellin-chants/independiente-medellin-chant-1-in/,2026-09-01,2013,Copiado de texto público mediante extracción reproducible,17,aceptado,,No,
CAN0265,CLU010,Independiente Medellín,Para Salir Campeones Hay Que Poner Más Huevos,"Para salir campeones, Hay que poner más huevos, Huevos, Ya vas a ver una barra, Que es la más loca de todas, Que sigue siempre a los Verdes, Yo quiero ganar la copa, Para salir campeones, Hay que poner más huevos Huevos, Para salir campeones, Hay que poner más huevos...",,,,,FanChants,https://www.fanchants.com/es/football-songs/independiente-medellin-chants/leave-champions-in/,2026-09-01,2013,Copiado de texto público mediante extracción reproducible,50,aceptado,,No,
CAN0266,CLU010,Independiente Medellín,Policia Policia,"Policia Policia, Que amargado se te ve, Cuando venís al estadio, Se c*gen a tu mujer…",,,,,FanChants,https://www.fanchants.com/es/football-songs/independiente-medellin-chants/police-in/,2026-09-01,2013,Copiado de texto público mediante extracción reproducible,16,aceptado,,No,
CAN0267,CLU010,Independiente Medellín,Que Se Vaya Ciro,"Oh que se vaya Ciro,
Presidente mal parido...

(repite)",,,,,FanChants,https://www.fanchants.com/es/football-songs/independiente-medellin-chants/president-in/,2026-09-01,2013,Copiado de texto público mediante extracción reproducible,9,aceptado,,No,
CAN0268,CLU010,Independiente Medellín,Que Se Vayan Todos,"Oh que se vayan todos, Que no quede uno solo... (Repite)",,,,,FanChants,https://www.fanchants.com/es/football-songs/independiente-medellin-chants/independiente-medellin-chant-3-in/,2026-09-01,2013,Copiado de texto público mediante extracción reproducible,11,aceptado,,No,
CAN0269,CLU010,Independiente Medellín,Rojo Vos Sos Mi Vida,"Todos los momentos que viví, Todas las canchas donde te seguí, Aprendí a llevarte en el alma, Medallo vos sos mi vida, Vos me hiciste muy feliz… La policía siempre va, Para las canchas con el Nacional Vamos a Matar a los sureños, A patearles el trasero, Y la vuelta vamos a Dar… Rojo vos sos mi vida, Vos sos la pasión, Solo te pido una cosa, Que salgas otra ves campeón…",,,,,FanChants,https://www.fanchants.com/es/football-songs/independiente-medellin-chants/all-moments-in/,2026-09-01,2013,Copiado de texto público mediante extracción reproducible,72,aceptado,,No,
CAN0270,CLU010,Independiente Medellín,Suda la Camiseta,"Suda la camiseta, Como yo en la popular, Juega con toda el alma, Te quiero ver salir campeón...",,,,,FanChants,https://www.fanchants.com/es/football-songs/independiente-medellin-chants/sweat-your-shirt-in/,2026-09-01,2013,Copiado de texto público mediante extracción reproducible,18,aceptado,,No,
CAN0271,CLU010,Independiente Medellín,Yo Soy del Rojo,"Ole ole ole, Ole ole ole ola, Yo soy del Rojo, Es un sentimiento, No puedo parar...",,,,,FanChants,https://www.fanchants.com/es/football-songs/independiente-medellin-chants/ole-ole-in/,2026-09-01,2013,Copiado de texto público mediante extracción reproducible,17,aceptado,,No,
CAN0272,CLU011,Deportivo Pereira,Dale alegría a mi corazón,"Dale alegría, alegría mi corazón
Lo único que te pido ganemos hoy
La estrella en el escudo es mi obsesión
Tenes que dejar el alma y el corazón
Y ya veras
Que no somos como las putas de…
Y vas a ver
Que tenemos todo el aguante que no tenés",,,,,Barrabrava.net,https://barrabrava.net/pereira/lobo-sur/letra/dale-alegria-a-mi-corazon/,2026-09-01,,Copiado de texto público mediante extracción reproducible,50,aceptado,,No,
CAN0273,CLU011,Deportivo Pereira,Dale Furia Matecaña,"No se puede explicar lo que yo puedo sentir cuando te veo jugar.
Es algo como volar, difícil de describir; mi corazón va a explotar.
Dale, dale, dale, dale, Furia Matecaña; mi amor por ti grande no se daña.
Estaré hoy estaré mañana, y juntos para gritar...
¡GOL!
Furia Matecaña; mi amor por ti grande no se daña.
Estaré hoy estaré mañana, y juntos para gritar...
¡GOL!",,,,,Barrabrava.net,https://barrabrava.net/pereira/lobo-sur/letra/dale-furia-matecana/,2026-09-01,,Copiado de texto público mediante extracción reproducible,67,aceptado,,No,
CAN0274,CLU011,Deportivo Pereira,Pereira es un carnaval.,"Todo aquel que piense que el Lobo no estará
Tiene que saber que no es así
Porque el lobo nunca abandona...
¡Vamos Pereira!
Dale de, ponga huevos hoy no podés perder
Esta hinchada quiere ascender
Suden todos la camiseta
Pa' dar la vuelta
Ah... hay que alentar....
Que Pereira es un carnaval y que vamos a salir primeros
Oh Oh Oh Ah, hay que alentar….",,,,,Barrabrava.net,https://barrabrava.net/pereira/lobo-sur/letra/pereira-es-un-carnaval/,2026-09-01,,Copiado de texto público mediante extracción reproducible,65,aceptado,,No,
CAN0275,CLU011,Deportivo Pereira,"Pereirano, hoy no me podes fallar","Queremos salir campeones este año
Ustedes pongan los huevos que acá alentamos
Hace mucho tiempo
Que la vuelta yo quiero dar
Pereirano, hoy no me podes fallar
Vamos Depor, Vamos Depor
Vamos Depor, Vamos Depor",,,,,Barrabrava.net,https://barrabrava.net/pereira/lobo-sur/letra/pereirano-hoy-no-me-podes-fallar/,2026-09-01,,Copiado de texto público mediante extracción reproducible,35,aceptado,,No,
CAN0276,CLU011,Deportivo Pereira,Soy del Pereira y me la aguanto,"Soy del Pereira y me la aguanto
No como el verde que es un amargo
Soy del Pereira y me la aguanto
No como el verde que es un amargo
Voy a seguirte
Voy a alentarte
Vos sos mi vida y mi pasión
Desde chico yo te sigo y no te voy a abandonar
Esta banda la mas loca la que pone el carnaval
En las buenas y en las malas en la cancha voy a estar
Porque yo no soy del blanco ni del puto nacional
Porque yo no soy del blanco ni del puto nacional",,,,,Barrabrava.net,https://barrabrava.net/pereira/lobo-sur/letra/soy-del-pereira-y-me-la-aguanto/,2026-09-01,,Copiado de texto público mediante extracción reproducible,97,aceptado,,No,
CAN0277,CLU012,Deportes Tolima,Bunde Tolimense,"Sale el equipo de mi alma
El equipo del tolima
Y este canto es pa' animarte
Salir, ganar, golear
Sudar la camiseta
Las penas se hacen buenas
Y alegre el existir
Gana, gana, gana, gana
Sus partidos mi tolima
Que esta hinchada es mas valiente y leal
Soy un hincha Tolimense
En mi pecho va tu escudo
Yo defiendo tus colores
Siempre los llevo en mi mente
Y al sentir mi voz gritar
Grita la voz de Revolución
Mi Tolima va a ganar
Vamos a ponerle amor
Unidos de corazón
Tolima",,,,,Barrabrava.net,https://barrabrava.net/tolima/revolucion-vinotinto-sur/letra/bunde-tolimense/,2026-09-01,,Copiado de texto público mediante extracción reproducible,91,aceptado,,No,
CAN0278,CLU012,Deportes Tolima,El legado,"El Huila nunca va a entender, porque nunca lo vivió
Porque nunca gano nada la puta que los pario
Y en la cancha del culo, todos lo pudieron ver
que el Tolima es lo mas grande, es el delirio de ibague
El orgullo de esta hinchada nunca la voy a olvidar
Que la vuelta la dimos en el pascual
Todos los que ya se fueron vivieron esos momentos
Los que viven arriba de la ciudad !!!",,,,,Barrabrava.net,https://barrabrava.net/tolima/revolucion-vinotinto-sur/letra/el-legado/,2026-09-01,,Copiado de texto público mediante extracción reproducible,75,aceptado,,No,
CAN0279,CLU012,Deportes Tolima,El Legado de Mis Viejos,"Nuevamente el sol saliendo
Sobre el suelo Ibaguereño
Todo un pueblo se prepara
Al Murillo hay que llegar
Los abuelos con sus radios
En la iglesia y en el barrio
Todos sueñan con Tolima
Que en la tarde jugará
El equipo de Gamero
Que en la historia se quedó
Con Danovis y Montero
El Atanasio silenció
Ya la banda estaba afuera
Con los buses en la puerta
Y la gloria aparecio
Cantaré en todas las canchas
Que el Tolima fue campeón
Brindaré con mis amigos
Los de la Revolución
El legado de mis viejos
Que mis hijos llevarán
Te prometo Vinotinto
Que a pesar del tiempo siempre estará",,,,,Barrabrava.net,https://barrabrava.net/tolima/revolucion-vinotinto-sur/letra/el-legado-de-mis-viejos/,2026-09-01,,Copiado de texto público mediante extracción reproducible,108,aceptado,,No,
CAN0280,CLU012,Deportes Tolima,Esta Banda Quiere Otro Campeonato,"Campeón
Vamos Vinotinto
Sale el campeón
Que esta banda quiere otro campeonato",,,,,Barrabrava.net,https://barrabrava.net/tolima/revolucion-vinotinto-sur/letra/esta-banda-quiere-otro-campeonato/,2026-09-01,,Copiado de texto público mediante extracción reproducible,12,aceptado,,No,
CAN0281,CLU012,Deportes Tolima,Esta noche ganamos,"Y vamos, vamos, vamos muchachos, que esta noche ganamos
A demostrar que tenemos huevos para salir campeón
Por eso a todos los jugadores que salgan a la cancha
En todo momento venimo' a alentar
A todas las canchas, a cualquier lugar
Vamos Vinotinto tienes que ganar",,,,,Barrabrava.net,https://barrabrava.net/tolima/revolucion-vinotinto-sur/letra/esta-noche-ganamos/,2026-09-01,,Copiado de texto público mediante extracción reproducible,46,requiere revisión: similitud,CAN0305,Sí,"Similitud alta conservada: CAN0305 (secuencia=0.882, vocabulario=0.756, longitud=0.979)"
CAN0282,CLU012,Deportes Tolima,Esta Noche Tenemos que Ganar,"Vamos, vamos Tolima
Que esta noche
Tenemos que ganar",,,,,Barrabrava.net,https://barrabrava.net/tolima/revolucion-vinotinto-sur/letra/esta-noche-tenemos-que-ganar/,2026-09-01,,Copiado de texto público mediante extracción reproducible,9,aceptado,,No,
CAN0283,CLU012,Deportes Tolima,Hay Que Poner Más Huevos,"Ya vas a ver una banda
Que es la más loca de todas
Que sigue siempre al Tolima
Yo quiero ganar la copa
Para salir campeones
Hay que poner mas huevos, huevos
Sudar la camiseta
Quiero salir primero, quiero salir primero",,,,,Barrabrava.net,https://barrabrava.net/tolima/revolucion-vinotinto-sur/letra/hay-que-poner-mas-huevos/,2026-09-01,,Copiado de texto público mediante extracción reproducible,41,aceptado,,No,
CAN0284,CLU012,Deportes Tolima,Las raices de mi tierra,"Las raíces de mi tierra, las llevo en mis venas. Las raíces de mi tierra, las llevo en mis venas.
Desde pequeño tu orgullo heredé y sin pensarlo yo me enamoré la tradición de un pueblo, mi región, Tolima grande para mi no hay dos (ohh, ohhh)
Nací en tierra de bundes y cantores, dónde crecen los ocobos de todos los colores.
El gran orgullo que corre por mis venas, alentar al Vinotinto hasta el dia que me muera (aaaa, aaaa).",,,,,Barrabrava.net,https://barrabrava.net/tolima/revolucion-vinotinto-sur/letra/las-raices-de-mi-tierra/,2026-09-01,,Copiado de texto público mediante extracción reproducible,81,aceptado,,No,
CAN0285,CLU012,Deportes Tolima,Lucerito Campeon yo te vengo a ver,"Campeón yo te vengo a ver con el corazón y el alma, y dale y dale tooo, por siempre te seguiré en la buena y en la mala, y dale y dale tooo.
Campeón yo te vengo a ver con el corazón y el alma, y dale y dale tooo, por siempre te seguiré en la buena y en la mala, y dale y dale tooo.
Vamos vino que esta es tu hinchada que viene y te alienta, la que sueña con un campeonato queremos la vuelta.
Vamos vino que esta es tu hinchada que viene y te alienta, la que sueña con un campeonato queremos la vuelta.",,,,,Barrabrava.net,https://barrabrava.net/tolima/revolucion-vinotinto-sur/letra/lucerito-campeon-yo-te-vengo-a-ver/,2026-09-01,,Copiado de texto público mediante extracción reproducible,108,aceptado,,No,
CAN0286,CLU012,Deportes Tolima,Queremos la copa,"Y dale, dale To
Queremos la copa
La Revo está loca y quiere un campeonato para festejar
Yo te voy a alentar como todos los años
Pongan huevos Tolima no podés perder",,,,,Barrabrava.net,https://barrabrava.net/tolima/revolucion-vinotinto-sur/letra/queremos-la-copa/,2026-09-01,,Copiado de texto público mediante extracción reproducible,32,requiere revisión: similitud,CAN0309,Sí,"Similitud alta conservada: CAN0309 (secuencia=0.906, vocabulario=0.844, longitud=1.000)"
CAN0287,CLU012,Deportes Tolima,Sale Campeón,Sale campeón sale campeón sale campeón sale vino sale too!!,,,,,Barrabrava.net,https://barrabrava.net/tolima/revolucion-vinotinto-sur/letra/sale-campeon/,2026-09-01,,Copiado de texto público mediante extracción reproducible,10,aceptado,,No,
CAN0288,CLU012,Deportes Tolima,Se me ha perdido el corazón,"Se me ha perdido el corazón, por alentar al campeón
Sin condiciones
Y donde juegues voy a estar, con esta banda musical
Haciendo la fiesta
Desde pequeño te vengo a ver
Desde pequeño me enamore
Porque el Tolima es mi pasión
Desde la cuna hasta el cajón
hasta el cajón",,,,,Barrabrava.net,https://barrabrava.net/tolima/revolucion-vinotinto-sur/letra/se-me-ha-perdido-el-corazon/,2026-09-01,,Copiado de texto público mediante extracción reproducible,50,requiere revisión: similitud,CAN0302,Sí,"Similitud alta conservada: CAN0302 (secuencia=0.931, vocabulario=0.881, longitud=0.980)"
CAN0289,CLU012,Deportes Tolima,Somos 100% Ibaguereños,"Soy del Tolima
Somos 100% Ibaguereños
Soy de tierra de amores
Donde nació esta banda con sus colores
Vamos, vamos, vamos Vinotinto
La banda está alentando
Como en todas las canchas
Solo pido que vayas al frente
Que ganes esa copa
Te lo pide la gente",,,,,Barrabrava.net,https://barrabrava.net/tolima/revolucion-vinotinto-sur/letra/somos-100-ibaguerenos/,2026-09-01,,Copiado de texto público mediante extracción reproducible,46,aceptado,,No,
CAN0290,CLU012,Deportes Tolima,"Soy Del Vinotinto, Si Señor","Soy del Vinotinto, si señor
Que loco estoy
Y con la Revo yo te quiero ver campeón
De corazón
Toda esta hinchada va a alentar
Vamo' a ganar
Con esta banda que te sigue a donde vas
Hay carnaval",,,,,Barrabrava.net,https://barrabrava.net/tolima/revolucion-vinotinto-sur/letra/soy-del-vinotinto-si-senor/,2026-09-01,,Copiado de texto público mediante extracción reproducible,39,requiere revisión: similitud,CAN0311,Sí,"Similitud alta conservada: CAN0311 (secuencia=0.974, vocabulario=0.971, longitud=1.000)"
CAN0291,CLU012,Deportes Tolima,Sufro de amor,"Sufro de amor, sufro de adicción,
por el color vinotinto que viste los sueños,
de todo un pueblo, que escogio....
dar un paso al frente por la pasión...
la alegria de ir a su estadio a festejar...
cuando el tolima
Salta a la cancha se siente presente,
en la tribuna la forma en la que canta el alma de mi razaaaa!",,,,,Barrabrava.net,https://barrabrava.net/tolima/revolucion-vinotinto-sur/letra/sufro-de-amor/,2026-09-01,,Copiado de texto público mediante extracción reproducible,61,aceptado,,No,
CAN0292,CLU012,Deportes Tolima,Toda la Vida Yo Te Voy a Querer,"Esta es la hinchada la que tiene aguante
La que te sigue siempre a todas partes
Esta es la hinchada que te viene a alentar
Esta es la hinchada que núnca va a fallar
La que te sigue siempre a todos lados
De la cabeza voy descontrolado
Aunque me falles nunca te dejaré
Toda la vida yo te voy a querer
Dale To (x4)",,,,,Barrabrava.net,https://barrabrava.net/tolima/revolucion-vinotinto-sur/letra/toda-la-vida-yo-te-voy-a-querer/,2026-09-01,,Copiado de texto público mediante extracción reproducible,64,requiere revisión: similitud,CAN0299,Sí,"Similitud alta conservada: CAN0299 (secuencia=0.924, vocabulario=0.917, longitud=0.941)"
CAN0293,CLU012,Deportes Tolima,Tolima nunca te voy a fallar,"Hoy te vengo a ver, mi Vinotinto querido
Ya lo vas a ver, como esta banda no puede parar
Yo quiero verte, salir primero
Que en Ibagué haya una estrella más
vivo, para alentarte
Tolima nunca que voy a fallar",,,,,Barrabrava.net,https://barrabrava.net/tolima/revolucion-vinotinto-sur/letra/tolima-nunca-te-voy-a-fallar/,2026-09-01,,Copiado de texto público mediante extracción reproducible,40,aceptado,,No,
CAN0294,CLU012,Deportes Tolima,Vamos Tolima No Podemos Perder,"Vamos, vamos, vamos, vamos, vamos Vinotinto
Dejo el trabajo, la familia y todo para volverte a ver
Esta es la banda que te sigue siempre a todos lados
Esta es la banda que en las malas siempre viene a alentar
Vamos Tolima no podemos perder
Vamos Tolima que tienes que ganar
Daria la vida por un campeonato
La vuelta quiero dar",,,,,Barrabrava.net,https://barrabrava.net/tolima/revolucion-vinotinto-sur/letra/vamos-tolima-no-podemos-perder/,2026-09-01,,Copiado de texto público mediante extracción reproducible,61,aceptado,,No,
CAN0295,CLU012,Deportes Tolima,Ya Llegó a Alentar La Revolución,"Ya, ya llegó
A alentar la Revolución
Ya, ya esta aquí
Prendiendo el descontrol
Siguiendo al Vinotinto
Por todos lados, sin condiciones
Y ya van más de diez años
Y nada la puede parar
La fiesta de la Gloriosa Banda Musical",,,,,Barrabrava.net,https://barrabrava.net/tolima/revolucion-vinotinto-sur/letra/ya-llego-a-alentar-la-revolucion/,2026-09-01,,Copiado de texto público mediante extracción reproducible,41,aceptado,,No,
CAN0296,CLU012,Deportes Tolima,Yo al tolima lo quiero,Yo al tolima lo quiero lo vengo a alentar Yo al tolima lo quiero lo vengo a alentar en la buena y en la mala mucho maaa!!,,,,,Barrabrava.net,https://barrabrava.net/tolima/revolucion-vinotinto-sur/letra/yo-al-tolima-lo-quiero/,2026-09-01,,Copiado de texto público mediante extracción reproducible,27,aceptado,,No,
CAN0297,CLU012,Deportes Tolima,Yo soy lechona y tengo aguante,"yo soy lechona y tengo aguante, yo sigo al vinotinto por todas partes
tolima es un sentimiento que se lleva en el corazón
yo daria toda mi vida por ser campeón
-dale dale tooo
Dale dale tooo
Dale dale tooo
Dale dale tooo",,,,,Barrabrava.net,https://barrabrava.net/tolima/revolucion-vinotinto-sur/letra/yo-soy-lechona-y-tengo-aguante/,2026-09-01,,Copiado de texto público mediante extracción reproducible,43,aceptado,,No,
CAN0298,CLU012,Deportes Tolima,¿Por Qué Será?,"¿Por qué será?
Que te sigo a todas partes campeón
¿Por qué será?
Que no se vivir sin vos
Aunque ganes, aunque pierdas
Tolima eres mi pasión
Si no te veo, se me para el corazón
(el corazón)",,,,,Barrabrava.net,https://barrabrava.net/tolima/revolucion-vinotinto-sur/letra/por-que-sera/,2026-09-01,,Copiado de texto público mediante extracción reproducible,38,aceptado,,No,
CAN0299,CLU012,Deportes Tolima,A Todos Lados,"Esta es la hinchada que tiene aguante, La que te sigue siempre a todas partes, Esta es la hinchada que te viene a alentar, Esta es la hinchada que nunca va a fallar, La que te sigue siempre a todos lados, De la cabeza voy descontrolado, Aunque me falles nunca te dejaré, Toda la vida yo te voy a querer, ¡Dale Tooo, dale Tooo! ¡Dale Tooo, dale Tooo!...",,,,,FanChants,https://www.fanchants.com/es/football-songs/deportes-tolima-chants/everywhere-5/,2026-09-01,2017,Copiado de texto público mediante extracción reproducible,68,requiere revisión: similitud,CAN0292,Sí,"Similitud alta conservada: CAN0292 (secuencia=0.924, vocabulario=0.917, longitud=0.941)"
CAN0300,CLU012,Deportes Tolima,Al Colima Lo Quiero,"Al Colima lo quiero, Lo vengo a alentar, Al Colima lo quiero, Lo vengo a alentar, En las buenas, Y en las malas mucho mas... (Se repite...)",,,,,FanChants,https://www.fanchants.com/es/football-songs/deportes-tolima-chants/they-were-good/,2026-09-01,2021,Copiado de texto público mediante extracción reproducible,27,aceptado,,No,
CAN0301,CLU012,Deportes Tolima,Alentando al Campeón,"Mire, mire, qué tristeza, Mire, mire, qué dolor, Hoy estoy en el Murillo, Alentando al campeón... (Se repite...)",,,,,FanChants,https://www.fanchants.com/es/football-songs/deportes-tolima-chants/deportes-tolima-2/,2026-09-01,2013,Copiado de texto público mediante extracción reproducible,18,aceptado,,No,
CAN0302,CLU012,Deportes Tolima,Desde Pequeño,"Se me ha perdido el corazón, Por alentar al campeón, Sin condiciones, Y donde juegues voy a estar, Con esta banda musical, Haciendo la fiesta, Desde pequeño te vengo a ver, Desde pequeño me enamoré, Dale Tolima eres mi pasión, Desde la cuna hasta el cajón, Hasta el cajón... (Se repite...)",,,,,FanChants,https://www.fanchants.com/es/football-songs/deportes-tolima-chants/the-main-group/,2026-09-01,2017,Copiado de texto público mediante extracción reproducible,51,requiere revisión: similitud,CAN0288,Sí,"Similitud alta conservada: CAN0288 (secuencia=0.931, vocabulario=0.881, longitud=0.980)"
CAN0303,CLU012,Deportes Tolima,Dónde Estás,"Y dónde están, Que no se ven, Los gobernantes del cartel...",,,,,FanChants,https://www.fanchants.com/es/football-songs/deportes-tolima-chants/where-are-you-2/,2026-09-01,2017,Copiado de texto público mediante extracción reproducible,11,aceptado,,No,
CAN0304,CLU012,Deportes Tolima,Esta Noche,"Vamos, Vamos muchachos, Que esta noche, Tenemos que ganar... (Se repite...)",,,,,FanChants,https://www.fanchants.com/es/football-songs/deportes-tolima-chants/tonight-7/,2026-09-01,2013,Copiado de texto público mediante extracción reproducible,11,aceptado,,No,
CAN0305,CLU012,Deportes Tolima,Esta Noche Ganamos,"Vamos vamos muchachos, Que esta noche ganamos, Haremos a que tenemos huevos, Para salir campeón, Por eso a todos los jugadores, Que salgan a la cancha, En todo momento, Venimos a alentar, A todas las canchas, A cualquier lugar, Vamos Vino Tinto, Tienes que ganar... (Se repite…)",,,,,FanChants,https://www.fanchants.com/es/football-songs/deportes-tolima-chants/tonight-we-win/,2026-09-01,2020,Copiado de texto público mediante extracción reproducible,47,requiere revisión: similitud,CAN0281,Sí,"Similitud alta conservada: CAN0281 (secuencia=0.882, vocabulario=0.756, longitud=0.979)"
CAN0306,CLU012,Deportes Tolima,Hoy Tenemos Que Ganar,"Vino Tinto hoy tenemos que ganar, Yo te aliento con la banda musical, Alentar con sentimiento y corazón, Y dejar todo en la cancha ¡o campeón!, Y dale To, y dale To, y dale dale dale dale To, Dale To, dale dale dale To…",,,,,FanChants,https://www.fanchants.com/es/football-songs/deportes-tolima-chants/we-have-to-win-5/,2026-09-01,2021,Copiado de texto público mediante extracción reproducible,44,aceptado,,No,
CAN0307,CLU012,Deportes Tolima,No Se Van,"Oooooh, No se van, No se van, No se van, Los flacos no se van... (Se repite...)",,,,,FanChants,https://www.fanchants.com/es/football-songs/deportes-tolima-chants/we-wont-2/,2026-09-01,,Copiado de texto público mediante extracción reproducible,17,aceptado,,No,
CAN0308,CLU012,Deportes Tolima,Porque Te Quiero Tanto,"Porque te quiero tanto te vine a ver, Porque te quiero tanto te vine a alentar, Sale Tolima de mi pasión, Te llevo adentro de mi corazón... (Repeated...)",,,,,FanChants,https://www.fanchants.com/es/football-songs/deportes-tolima-chants/tolima-passion/,2026-09-01,2017,Copiado de texto público mediante extracción reproducible,28,aceptado,,No,
CAN0309,CLU012,Deportes Tolima,Queremos la Copa,"Dale dale too, Queremos la copa, La revo está loca, Quiere un campeonato para festejar, Yo te voy a alentar como todos los años, Pongan huevos Tolima, No podés perder... (Se repite...)",,,,,FanChants,https://www.fanchants.com/es/football-songs/deportes-tolima-chants/2-100/,2026-09-01,,Copiado de texto público mediante extracción reproducible,32,requiere revisión: similitud,CAN0286,Sí,"Similitud alta conservada: CAN0286 (secuencia=0.906, vocabulario=0.844, longitud=1.000)"
CAN0310,CLU012,Deportes Tolima,Revolucion,"Revolución, Revolución, El que no salte no esta en la revolución... (Se repite…)",,,,,FanChants,https://www.fanchants.com/es/football-songs/deportes-tolima-chants/revolution-2/,2026-09-01,2013,Copiado de texto público mediante extracción reproducible,13,aceptado,,No,
CAN0311,CLU012,Deportes Tolima,Soy del Vinotinto y Oro,"Soy del Vinotinto, Si señor, Que loco estoy, Y con la Revo, Yo te quiero ver Campeón, De corazón, Toda esta hinchada va alentar, Vamo´a ganar, Con esta banda, Que te sigue a donde vas, Hay carnaval! (Repeated...)",,,,,FanChants,https://www.fanchants.com/es/football-songs/deportes-tolima-chants/im-made-of-red-wine/,2026-09-01,,Copiado de texto público mediante extracción reproducible,39,requiere revisión: similitud,CAN0290,Sí,"Similitud alta conservada: CAN0290 (secuencia=0.974, vocabulario=0.971, longitud=1.000)"
CAN0312,CLU012,Deportes Tolima,Vamos Vamos Azulgrana,"Vamos vamos Azulgrana,
Vamos Azulgrana,
Vamos vamos Azulgrana,
Vamos a ganar,
Voy a dejarlo todo,
Para ver al Ciclón,
Pienso que esta tarde,
Vamos a festejar,
Porque nos fuimos a la B
Porque volvimos a la A...
(Repeated...)",,,,,FanChants,https://www.fanchants.com/es/football-songs/deportes-tolima-chants/im-going-to-leave-it-all/,2026-09-01,2017,Copiado de texto público mediante extracción reproducible,38,aceptado,,No,
CAN0313,CLU012,Deportes Tolima,Vino Tinto,"Vino Tinto,
Vino de mi vida,
Dame una alegria,
Quiero ser campeón,
Sabes, 
Sabes lo que siento,
Lo que llevo adentro,
De mi corazón...
(Se repite…)",,,,,FanChants,https://www.fanchants.com/es/football-songs/deportes-tolima-chants/red-wine/,2026-09-01,2017,Copiado de texto público mediante extracción reproducible,26,aceptado,,No,
CAN0314,CLU012,Deportes Tolima,Yo Te Quiero Más,"Vamos vamos Vinotinto, Vamos a ganar, Vamos vamos Vinotinto, Vamos a ganar, Yo te sigo a todas partes a donde vas, Cada día te quiero más...",,,,,FanChants,https://www.fanchants.com/es/football-songs/deportes-tolima-chants/i-want-more-2/,2026-09-01,2013,Copiado de texto público mediante extracción reproducible,26,aceptado,,No,
CAN0315,CLU012,Deportes Tolima,¡Dale To!,"¡Ooooh oh campeón! ¡Oh campeón, oh campeón! ¡Dale, dale To!... (Se repite...)",,,,,FanChants,https://www.fanchants.com/es/football-songs/deportes-tolima-chants/deportes-tolima-chant-1/,2026-09-01,2013,Copiado de texto público mediante extracción reproducible,12,aceptado,,No,
CAN0316,CLU014,Independiente Santa Fe,A ver si entienden todos los jugadores,"A ver si entienden todos los jugadores
dejen la vidaaa por los colores
a ver si entienden todos los dirigentes
Santa Fe es grande por esta gente
hay que alentar en la buena y en la mala
porque esta es una hinchada distinta a las demas
no como el diablo,el verde, el gallinero
que si no van primeros a la cancha no van mas",,,,,Barrabrava.net,https://barrabrava.net/independiente-santa-fe/la-guardia-albi-roja-sur/letra/a-ver-si-entienden-todos-los-jugadores/,2026-09-01,,Copiado de texto público mediante extracción reproducible,65,aceptado,,No,
CAN0317,CLU014,Independiente Santa Fe,Albi Rojo soy,"Albirojo soy con la guardia a todos lados voy,
Albirojo soy con la guardia a todos lados voy,
El rojo es pasión locura y corazón,
Ni la muerte nos va a separar,
Hoy hay que ganar,
No podemos perder,
Y campeones salir otra vez",,,,,Barrabrava.net,https://barrabrava.net/independiente-santa-fe/la-guardia-albi-roja-sur/letra/albi-rojo-soy/,2026-09-01,,Copiado de texto público mediante extracción reproducible,44,requiere revisión: similitud,CAN0409,Sí,"Duplicado exacto también localizado en Barrabrava.net: https://barrabrava.net/independiente-santa-fe/la-guardia-albi-roja-sur/letra/albirojo-soy/; Similitud alta conservada: CAN0409 (secuencia=0.978, vocabulario=0.941, longitud=0.957)"
CAN0318,CLU014,Independiente Santa Fe,Americano hijueputa,"americano hijueputa
amargado se te ve
porque rojo solo hay uno
y se llama SANTAFE",,,,,Barrabrava.net,https://barrabrava.net/independiente-santa-fe/la-guardia-albi-roja-sur/letra/americano-hijueputa/,2026-09-01,,Copiado de texto público mediante extracción reproducible,15,aceptado,,No,
CAN0319,CLU014,Independiente Santa Fe,Antes de ser gallina yo me mato,"Rojo te amo, yo te amo!
antes de ser gallina yo me mato
vamos vamos albirrojo hoy te vinimos a ver
la banda esta re loca no podemos perder
rojo locura, que locura!
que tenemos aguante no hay duda",,,,,Barrabrava.net,https://barrabrava.net/independiente-santa-fe/la-guardia-albi-roja-sur/letra/antes-de-ser-gallina-yo-me-mato/,2026-09-01,,Copiado de texto público mediante extracción reproducible,39,aceptado,,No,
CAN0320,CLU014,Independiente Santa Fe,Cada dia te quiero mas,"ole ole ole ole ole ole ola
vamos mi santafe
cada dia te quiero mas
yoooooooo yo te amo
es un sentimiento
no puedo paraaaaar",,,,,Barrabrava.net,https://barrabrava.net/independiente-santa-fe/la-guardia-albi-roja-sur/letra/cada-dia-te-quiero-mas/,2026-09-01,,Copiado de texto público mediante extracción reproducible,25,requiere revisión: similitud,CAN0406,Sí,"Similitud alta conservada: CAN0406 (secuencia=0.920, vocabulario=0.810, longitud=1.000)"
CAN0321,CLU014,Independiente Santa Fe,Cada día yo te amo más,"Olé, olé, olé; olé, olé, olé, olá.
Vamos mi Santa Fe, cada día yo te amo más
Yo, yo te amo; es un sentimiento y no puedo parar.",,,,,Barrabrava.net,https://barrabrava.net/independiente-santa-fe/la-guardia-albi-roja-sur/letra/cada-dia-yo-te-amo-mas/,2026-09-01,,Copiado de texto público mediante extracción reproducible,28,aceptado,,No,
CAN0322,CLU014,Independiente Santa Fe,Campeones del Continente,"Somos Campeones del Continente
y eso Nadie lo va a Cambiar
Con el León te Acompaño a Todas las Canchas
Y la Libertadores quiero ganar
De amargura desde niño, La alegría no les da
De nacer con el expreso, Todo el año es carnaval
Y la gente rival que siente, Que la Ganamos sin Pagar
No necesitamos nada, Con Esfuerzo Con el Corazón",,,,,Barrabrava.net,https://barrabrava.net/independiente-santa-fe/la-guardia-albi-roja-sur/letra/campeones-del-continente/,2026-09-01,,Copiado de texto público mediante extracción reproducible,63,aceptado,,No,
CAN0323,CLU014,Independiente Santa Fe,Como me voy a olvidar,"Como me voy a olvidar
cuando era chico y me traía MI VIEJO!!!
a ver al rojo campeón
y sus jugadas de fantasía
Hizo el destino el azar
quien fuera yo tu mejor hincha
y en una noche de alcohol
nos moriremos de la alegría
Es mi ilusión verte campeón
sigo esperando esa suerte mía
estar con vos una vez mas
para la vuelta volver a dar",,,,,Barrabrava.net,https://barrabrava.net/independiente-santa-fe/la-guardia-albi-roja-sur/letra/como-me-voy-a-olvidar/,2026-09-01,,Copiado de texto público mediante extracción reproducible,67,aceptado,,No,
CAN0324,CLU014,Independiente Santa Fe,Cuando yo me muera no quiero llanto ni pena,"cuando yo me muera no quiero llanto ni pena
yo quiero que a mi me velen envuelto en una bandera
esa roja y blanca color que llevo en mis venas
por esta pasion re loca que solo siento por ella
yo quiero a la gente, saltando y de fiesta
como hace la guardia, aunque gane o pierda
por ser la alegria de mi corazon
por eso te amo glorioso leon",,,,,Barrabrava.net,https://barrabrava.net/independiente-santa-fe/la-guardia-albi-roja-sur/letra/cuando-yo-me-muera-no-quiero-llanto-ni-pena/,2026-09-01,,Copiado de texto público mediante extracción reproducible,70,aceptado,,No,
CAN0325,CLU014,Independiente Santa Fe,De La Cuna,"De la cuna yo soy del expreso
Este amor no se puede explicar
Es por eso albirrojo querido
Que la vuelta yo la quiero dar
Dejen todo en la cancha muchachos
Y seguro salimos campeon
Porque siempre
Que siempre
Que siempre estoy con el leoooon
Te vine a’lentar
Dale dale rooooojo
Yo te sigo a todos lados
Te quiero ver campeon",,,,,Barrabrava.net,https://barrabrava.net/independiente-santa-fe/la-guardia-albi-roja-sur/letra/de-la-cuna/,2026-09-01,,Copiado de texto público mediante extracción reproducible,61,aceptado,,No,
CAN0326,CLU014,Independiente Santa Fe,Desde Pequeño,"Vamo vamo vamos el expreso
La guardia esta alentando
Ustedes pongan huevos
Solo pido que vayas al frente
Y vayas donde vayas
Siempre estaré presente
Desde pequeño
Este sentimiento fue creciendo
Eres mi vida
Todo lo que tengo por ti daría
LEÓN",,,,,Barrabrava.net,https://barrabrava.net/independiente-santa-fe/la-guardia-albi-roja-sur/letra/desde-pequeno/,2026-09-01,,Copiado de texto público mediante extracción reproducible,42,aceptado,,No,
CAN0327,CLU014,Independiente Santa Fe,Dicen que estamos locos de la cabeza,"Dicen que estamos locos de la cabeza,
Una mierda
Pero a esta banda loca no le interesa,
Vamos tomando vino con marihuana,
Somos los de la banda descontrolada,
Oh Santa Fe,
Oh Santa Fe,
Oh Santa Fe,
Oh Santa Fe",,,,,Barrabrava.net,https://barrabrava.net/independiente-santa-fe/la-guardia-albi-roja-sur/letra/dicen-que-estamos-locos-de-la-cabeza/,2026-09-01,,Copiado de texto público mediante extracción reproducible,40,requiere revisión: similitud,CAN0419,Sí,"Similitud alta conservada: CAN0419 (secuencia=0.963, vocabulario=0.900, longitud=0.976)"
CAN0328,CLU014,Independiente Santa Fe,El expreso es alegría,"El expreso es mi alegría, lo mas grande que hay en la vida.
La gayina ni los sureños, nadie puede con el sentimiento que siento por vos.
Yo te llevo en el corazón, por eso vengo.
Santa Fe, mi pasión, la alegría de mi corazón.
Santa Fe, solo Dios, sabe lo que yo siento por vos.",,,,,Barrabrava.net,https://barrabrava.net/independiente-santa-fe/la-guardia-albi-roja-sur/letra/el-expreso-es-alegria/,2026-09-01,,Copiado de texto público mediante extracción reproducible,56,aceptado,,No,
CAN0329,CLU014,Independiente Santa Fe,El expreso es una enfermedad,"El expreso es una enfermedad
yo lo sigo siempre a donde va
somos capos de la capital
miyonarioz (provinciano) te vamo'a matar
te alentare hasta la muerte
te alentare donde sea
lo único que quiero es ver al Rojo campeón
y dar la decima vuelta...",,,,,Barrabrava.net,https://barrabrava.net/independiente-santa-fe/la-guardia-albi-roja-sur/letra/el-expreso-es-una-enfermedad/,2026-09-01,,Copiado de texto público mediante extracción reproducible,45,aceptado,,No,
CAN0330,CLU014,Independiente Santa Fe,El león es valiente y fuerte va a rugir,"El rojo se alista con fe en el alma,
Se pone las prendas, la banda avanza.
El león es valiente y fuerte va a rugir,
La guardia alienta el deseo por cumplir.
Jugando se acerca y cuestiona la suerte,
Corriendo y metiendo, albirrojo va al frente.
Preguntan porque el rojo es mi enfermedad,
Poniendo mas huevos la copa vendrá.
Tomo de vez en cuando y fumo del vicio de mi cardenal
Primeros campeones, eternos seremos,
Y una alegria tu nos puedas dar.
Coro
Seeee que en tu juego hay pasiooooón,
Que mereces otra vez ser campeooooón,
Lo que te hace mejor es luchar con la fuerza del León. (bis)",,,,,Barrabrava.net,https://barrabrava.net/independiente-santa-fe/la-guardia-albi-roja-sur/letra/el-leon-es-valiente-y-fuerte-va-a-rugir/,2026-09-01,,Copiado de texto público mediante extracción reproducible,109,aceptado,,No,
CAN0331,CLU014,Independiente Santa Fe,El que no alienta al expreso,"yo tengo un pacto a lo cardenal
de visitante o de local
fumando porro tomando vino
el que no alienta al expreso
a que putas fue que vino
yo tengo un pacto a lo cardenal",,,,,Barrabrava.net,https://barrabrava.net/independiente-santa-fe/la-guardia-albi-roja-sur/letra/el-que-no-alienta-al-expreso/,2026-09-01,,Copiado de texto público mediante extracción reproducible,35,aceptado,,No,Duplicado exacto también localizado en Barrabrava.net: https://barrabrava.net/independiente-santa-fe/la-guardia-albi-roja-sur/letra/yo-tengo-un-pacto-a-lo-cardenal/
CAN0332,CLU014,Independiente Santa Fe,El regalo de mi viejo,"Siempre he sido del expreso
fue el regalo de mi viejo
el leon es mi alegria lo mas grande de mi vida
al expreso yo lo sigo
al expreso yo lo quiero
regalame ese momento
de verte salir primero
vamos albi-rojo
vamos el leon
yo te quiero
Daria la vida por verte
campeon
yo me muero",,,,,Barrabrava.net,https://barrabrava.net/independiente-santa-fe/la-guardia-albi-roja-sur/letra/el-regalo-de-mi-viejo/,2026-09-01,,Copiado de texto público mediante extracción reproducible,57,aceptado,,No,
CAN0333,CLU014,Independiente Santa Fe,El Rojo Es La Locura,"El Rojo es la locura es la pasión
Al rojo yo lo quiero ver campeón
Gallina preparate para ver
La gloria no se fue de SANTA FE
Vamo' león
Vamo' a ganar
Porque la vuelta vamo' a dar
Hoy vamo' hacer
De BOGOTÁ
Todo el distrito CARDENAL",,,,,Barrabrava.net,https://barrabrava.net/independiente-santa-fe/la-guardia-albi-roja-sur/letra/el-rojo-es-la-locura/,2026-09-01,,Copiado de texto público mediante extracción reproducible,47,requiere revisión: similitud,CAN0417,Sí,"Similitud alta conservada: CAN0417 (secuencia=0.915, vocabulario=0.944, longitud=1.000)"
CAN0334,CLU014,Independiente Santa Fe,El rojo salió campeón,"Quisiste gritarle a Leider te metió 3 en una jornada
saliste en una tanqueta te perseguía toda tu hinchada
volteaste todos lo trapos y te comiste un 7 - 3
y tu bandera mas grande nos es la mitad del Lienzo de Fe!
Y Vargas te lo metió, te lo metió, te lo metió
y el Rojo salio campeón, salio campeón, salio campeón",,,,,Barrabrava.net,https://barrabrava.net/independiente-santa-fe/la-guardia-albi-roja-sur/letra/el-rojo-salio-campeon/,2026-09-01,,Copiado de texto público mediante extracción reproducible,62,aceptado,,No,
CAN0335,CLU014,Independiente Santa Fe,En la grande capital hay una banda,"En la grande capital hay una banda
el aguante lo primero que aprendí
Bogotá de SANTA FE de nuestra gente
la ciudad lo más hermoso para mi
y ahora voy
delirando por la droga y el León
soy campeón
y siempre seremos el primer campeón...",,,,,Barrabrava.net,https://barrabrava.net/independiente-santa-fe/la-guardia-albi-roja-sur/letra/en-la-grande-capital-hay-una-banda/,2026-09-01,,Copiado de texto público mediante extracción reproducible,45,aceptado,,No,
CAN0336,CLU014,Independiente Santa Fe,Eres una enfermedad de la que no quiero curarme,"Loquito por ti loco loco
Loquito por ti por ti por ti
Loquito por ti loco loco
Loquito por ti por ti por ti
Yo te aliento sin parar yo te sigo a todas partes
Vamos expreso querido
Eres una enfermedad de la que no quiero curarme
Te quiero hasta el infinito
Yo te aliento sin parar yo te sigo a todas partes
Vamos mi santafecito
Eres una enfermedad de la que no quiero curarme
Te quiero hasta el infinito
Loquito por ti loco loco
Loquito por ti por ti por ti
Loquito por ti loco loco
Loquito por ti por ti por ti
Porque el Albi rojo es un sentimiento
Pasan los años y sigo aquí
De este gran amor yo no me arrepiento
Eres la razón de mí existir
De este gran amor no me arrepiento
Eres la razon de mí existir
Loquito por ti loco loco
Loquito por ti por ti por ti
Loquito por ti loco loco
Loquito por ti por ti por ti",,,,,Barrabrava.net,https://barrabrava.net/independiente-santa-fe/la-guardia-albi-roja-sur/letra/eres-una-enfermedad-de-la-que-no-quiero-curarme/,2026-09-01,,Copiado de texto público mediante extracción reproducible,168,requiere revisión: similitud,CAN0352,Sí,"Similitud alta conservada: CAN0352 (secuencia=0.937, vocabulario=0.745, longitud=0.994)"
CAN0337,CLU014,Independiente Santa Fe,Escucha lo que te digo con atencion,"Escucha lo que te digo con atencion
Esta banda se merece salir campeon
Borracho de la cabeza yo siempre estoy
YO SOY HINCHA DEL LEON",,,,,Barrabrava.net,https://barrabrava.net/independiente-santa-fe/la-guardia-albi-roja-sur/letra/escucha-lo-que-te-digo-con-atencion/,2026-09-01,,Copiado de texto público mediante extracción reproducible,25,aceptado,,No,
CAN0338,CLU014,Independiente Santa Fe,Esta es la banda loca descontrolada,"Esta es la banda loca descontrolada
la que sigue al expreso y no pide nada
la que deja la vida por los colores
la que le sigue el juego a los jugadores
canta y no llores",,,,,Barrabrava.net,https://barrabrava.net/independiente-santa-fe/la-guardia-albi-roja-sur/letra/esta-es-la-banda-loca-descontrolada/,2026-09-01,,Copiado de texto público mediante extracción reproducible,36,requiere revisión: similitud,CAN0416,Sí,"Similitud alta conservada: CAN0416 (secuencia=0.986, vocabulario=0.963, longitud=0.973)"
CAN0339,CLU014,Independiente Santa Fe,Esta es la guardia si señores,"esta es la guardia si señores
esta es la banda que va al frente
la que corre al puto verdeeee
y a ese diablo maricon
y no me importa donde juegues
ni la tomba nacional
preparate millonarios
que te vamos a matar",,,,,Barrabrava.net,https://barrabrava.net/independiente-santa-fe/la-guardia-albi-roja-sur/letra/esta-es-la-guardia-si-senores/,2026-09-01,,Copiado de texto público mediante extracción reproducible,42,aceptado,,No,
CAN0340,CLU014,Independiente Santa Fe,Feliz cumpleaños leon,"Feliz cumpleaños leon
Y que cumplas muchos mas
Que feliz estoy
Vamo a festejar",,,,,Barrabrava.net,https://barrabrava.net/independiente-santa-fe/la-guardia-albi-roja-sur/letra/feliz-cumpleanos-leon/,2026-09-01,,Copiado de texto público mediante extracción reproducible,14,aceptado,,No,
CAN0341,CLU014,Independiente Santa Fe,Hasta el cajon,"para ser del expreso, para ser del expreso se necesita un poco de locura
un poco de locura y otra cosita y arriba y arriba, y arriba y arriba y arriba ire por santafe por santafe
santafe vamos vamos santafe vamos vamos santafe vamos vamos Santafe",,,,,Barrabrava.net,https://barrabrava.net/independiente-santa-fe/la-guardia-albi-roja-sur/letra/hasta-el-cajon/,2026-09-01,,Copiado de texto público mediante extracción reproducible,46,aceptado,,No,
CAN0342,CLU014,Independiente Santa Fe,Hay una cosa que solo le pido a dios,"Tambieenn lloree
& muchas veces fui presa por santa fe
Hay una cosa que solo le pido a dios
Que el rojo vaya conmigo hasta el cajón ..
& vayas a donde vayas yo voy con vos
Porque esto es un sentimiento es un descontrol ...",,,,,Barrabrava.net,https://barrabrava.net/independiente-santa-fe/la-guardia-albi-roja-sur/letra/hay-una-cosa-que-solo-le-pido-a-dios/,2026-09-01,,Copiado de texto público mediante extracción reproducible,42,requiere revisión: similitud,CAN0358,Sí,"Similitud alta conservada: CAN0358 (secuencia=0.976, vocabulario=0.946, longitud=1.000)"
CAN0343,CLU014,Independiente Santa Fe,Himno de Independiente Santa Fe,"Santa Fe del fútbol el coloso y primer campeón nacional,
tu valor en la lucha es grandioso y es pujante y febril tu moral (BIS).
Tu pendón roji-blanco flamea del estadio en las tardes de sol;
la emoción de tus gentes corea
Santa Fe ya se acerca tu gol!
Santa Fe, capital de Colombia,
te ha confiado su nombre inmortal;
como ofrenda de honor a su gloria,
ceñirás la corona triunfal!
Santa Fe del fútbol el coloso y primer campeón nacional,
tu valor en la lucha es grandioso y es pujante y febril tu moral.
Yo celoso tu nombre venero;
de tu escudo guardián yo seré,y el pregón de victoria que quiero;
Santa Fe, Santa Fe, Santa Fe (BIS).",,,,,Barrabrava.net,https://barrabrava.net/independiente-santa-fe/la-guardia-albi-roja-sur/letra/himno-de-independiente-santa-fe/,2026-09-01,,Copiado de texto público mediante extracción reproducible,121,aceptado,,No,
CAN0344,CLU014,Independiente Santa Fe,Hoy te vinimos a alentar,"vamo vamo santafe
hoy te vinimo a alentar
para ser campeon
HOY HAY QUE GANAR",,,,,Barrabrava.net,https://barrabrava.net/independiente-santa-fe/la-guardia-albi-roja-sur/letra/hoy-te-vinimos-a-alentar/,2026-09-01,,Copiado de texto público mediante extracción reproducible,15,aceptado,,No,
CAN0345,CLU014,Independiente Santa Fe,La fe no se ha perdido!,"leon! leon!
la fe no se ha perdido!
estaremos contigo!
para salir campeon!",,,,,Barrabrava.net,https://barrabrava.net/independiente-santa-fe/la-guardia-albi-roja-sur/letra/la-fe-no-se-ha-perdido/,2026-09-01,,Copiado de texto público mediante extracción reproducible,13,aceptado,,No,
CAN0346,CLU014,Independiente Santa Fe,La Gallina en el Campin,"Siga el baile, siga el baile
Al campas del tamborín, que esta noche nos comimos
La Gallina en el Campin",,,,,Barrabrava.net,https://barrabrava.net/independiente-santa-fe/la-guardia-albi-roja-sur/letra/la-gallina-en-el-campin/,2026-09-01,,Copiado de texto público mediante extracción reproducible,20,aceptado,,No,
CAN0347,CLU014,Independiente Santa Fe,La gradería ya se va a caer,"La gradería ya se va a caer,
La Guardia Roja sigue enardecida,
Ni por el putas podemos perder
Santafesote yo daría mi vida
¡Vamo´ albirrojo, hay que poner más huevos con esta hinchada
vamos a salir campeón de nuevo!",,,,,Barrabrava.net,https://barrabrava.net/independiente-santa-fe/la-guardia-albi-roja-sur/letra/la-graderia-ya-se-va-a-caer/,2026-09-01,,Copiado de texto público mediante extracción reproducible,39,aceptado,,No,
CAN0348,CLU014,Independiente Santa Fe,Las cosas que hice por vos no las hice por nadie,"Dale rojo dale rojo
Dale rojo dale rojo
Vos sos mi única pasión
No pueden compararse
Las cosas que hice por vos
No las hice por nadie
Te sigo siempre donde juegues
No me importa nada
En la buena y en la mala siempre estoy con el León",,,,,Barrabrava.net,https://barrabrava.net/independiente-santa-fe/la-guardia-albi-roja-sur/letra/las-cosas-que-hice-por-vos-no-las-hice-por-nadie/,2026-09-01,,Copiado de texto público mediante extracción reproducible,48,aceptado,,No,
CAN0349,CLU014,Independiente Santa Fe,Las gayinas son asi,"yo soy del rojo señor... cantemos todos con alegría
aunque no salgas campeón! el sentimiento no se termina
cuídate diablo en el pascual guerrero
la guardia roja ya fue a ese puto pueblo
cuídate verde vos sos un comunero
cuídate azul... vamos por vos primero!!
las gayinas son así, son la basura capitalina
cuando no salen campeón, esas tribunas están vacías.",,,,,Barrabrava.net,https://barrabrava.net/independiente-santa-fe/la-guardia-albi-roja-sur/letra/las-gayinas-son-asi/,2026-09-01,,Copiado de texto público mediante extracción reproducible,61,requiere revisión: similitud,CAN0404,Sí,"Similitud alta conservada: CAN0404 (secuencia=0.967, vocabulario=0.926, longitud=1.000)"
CAN0350,CLU014,Independiente Santa Fe,Llega el domingo voy a ver al leon,"llega el domingo voy a ver al leon
rojo sos mi locura
daria la vida por alentarte a vos
de eso no cabe duda
yo soy del rojo porque tengo aguante
NO COMO MILLOS QUE CORRE A TODAS PARTES
esta tribuna los 90 minutos no para de alentarte",,,,,Barrabrava.net,https://barrabrava.net/independiente-santa-fe/la-guardia-albi-roja-sur/letra/llega-el-domingo-voy-a-ver-al-leon/,2026-09-01,,Copiado de texto público mediante extracción reproducible,48,aceptado,,No,
CAN0351,CLU014,Independiente Santa Fe,Llenamos la popular y nos mandamos en avalancha,"Los domingos despues almorzar,
nos vamos todos para la cancha,
llenamos la popular y nos mandamos en avalancha
Cuando te veo santa fe, toda esta banda se vuelve loca
Vamo' a saltar, vamo' a cantar yyyyy vamo' a ganar la copa
No somos putas como son las gayinas, no somos pueblo como lo es nacional
Yo soy asi al rojo yo lo amo....
Veni veni veni veni a matar al provinciano",,,,,Barrabrava.net,https://barrabrava.net/independiente-santa-fe/la-guardia-albi-roja-sur/letra/llenamos-la-popular-y-nos-mandamos-en-avalancha/,2026-09-01,,Copiado de texto público mediante extracción reproducible,71,requiere revisión: similitud,CAN0353,Sí,"Similitud alta conservada: CAN0353 (secuencia=0.853, vocabulario=0.800, longitud=0.986)"
CAN0352,CLU014,Independiente Santa Fe,Loquito por ti,"Loquito por ti loco loco
Loquito por ti por ti por ti
Loquito por ti loco loco
Loquito por ti por ti por ti
Yo te aliento sin parar yo te sigo a todas partes
Vamos cucuta querido
Eres tu enfermedad de la que no quiero curarme
Te quiero haste el infinito
Yo te aliento sin parar yo te sigo a todas partes
Vamos cucuta divino
Eres tu enfermedad de la que no quiero curarme
Te quiero haste el infinito
Loquito por ti loco loco
Loquito por ti por ti por ti
Loquito por ti loco loco
Loquito por ti por ti por ti
Porq el rojinegro es un sentimiento
Pasan los años y siguo aquí
De este gran amor yo no me arrepiento
Eres la razon de mí existir
De este gran amor no me arrepiento
Eres la razon de mí existir
Loquito por ti loco loco
Loquito por ti por ti por ti
Loquito por ti loco loco
Loquito por ti por ti por ti",,,,,Barrabrava.net,https://barrabrava.net/independiente-santa-fe/la-guardia-albi-roja-sur/letra/loquito-por-ti/,2026-09-01,,Copiado de texto público mediante extracción reproducible,167,requiere revisión: similitud,CAN0336,Sí,"Similitud alta conservada: CAN0336 (secuencia=0.937, vocabulario=0.745, longitud=0.994)"
CAN0353,CLU014,Independiente Santa Fe,Los domingos despues de almorzar,"Los domingos despues de almorzar
Nos vamos todos para la cancha
Llenamos la popular
Y nos mandamos en avalancha
Cuando te veo SANTA FE
Toda esta banda se vuelve loca
Vamo' a saltar, vamo' a saltar
Y cuchillo pa' las locas
No somos putas como son las gallinas
No somos pueblo como ese nacional
Yo soy asi, al rojo yo lo amo
Veni, veni, veni, veni, veni, veni
A matar al provinciano",,,,,Barrabrava.net,https://barrabrava.net/independiente-santa-fe/la-guardia-albi-roja-sur/letra/los-domingos-despues-de-almorzar/,2026-09-01,,Copiado de texto público mediante extracción reproducible,72,requiere revisión: similitud,CAN0351,Sí,"Similitud alta conservada: CAN0351 (secuencia=0.853, vocabulario=0.800, longitud=0.986)"
CAN0354,CLU014,Independiente Santa Fe,Los muchachos que te aman,"otra vez otra vez
te vinieron a ver
los muchachos
que te aman santafe",,,,,Barrabrava.net,https://barrabrava.net/independiente-santa-fe/la-guardia-albi-roja-sur/letra/los-muchachos-que-te-aman/,2026-09-01,,Copiado de texto público mediante extracción reproducible,14,aceptado,,No,
CAN0355,CLU014,Independiente Santa Fe,Me lo dijo una Gitana,"Una gitana hermosa tiro las cartas ¡¡que dijo!!
me dijo que el albi rojo salia campeon...
corrimos a las GAYinas no paso nada ¡¡y nada paso!!
y vamo a correr al diablo q es un cagon,
me lo dijo una gitana me lo dijo con fervor
o dejas la marihuana o te vas para el cajon
me lo dijo una gitana
yo no le quise creer
yo le sigo dando al vino y a la yerba otra vez.",,,,,Barrabrava.net,https://barrabrava.net/independiente-santa-fe/la-guardia-albi-roja-sur/letra/me-lo-dijo-una-gitana/,2026-09-01,,Copiado de texto público mediante extracción reproducible,78,aceptado,,No,Duplicado exacto también localizado en Barrabrava.net: https://barrabrava.net/independiente-santa-fe/la-guardia-albi-roja-sur/letra/una-gitana-hermosa-tiro-las-cartas/
CAN0356,CLU014,Independiente Santa Fe,Millos no tiene los huevos,"millos no tiene los huevos
no pelean sin los fierros
sos igual a los del verde sos cagon
y aunque no demos la vuelta
el leon esta de fiesta
la locura de la droga y el leon
No me arrepiente de este amor
aunque me cueste el corazon
te sigo a todas partes SANTAFE
como nunca jamas lo imagine
la camiseta en la piel
siempre te venimos a ver
a miyoz que lo vamos a matar
no aguanta sin custodia policial",,,,,Barrabrava.net,https://barrabrava.net/independiente-santa-fe/la-guardia-albi-roja-sur/letra/millos-no-tiene-los-huevos/,2026-09-01,,Copiado de texto público mediante extracción reproducible,81,aceptado,,No,
CAN0357,CLU014,Independiente Santa Fe,Muchachos traigan vino juega Santa Fe,"Muchachos traigan vino juega Santa Fe
Esta banda está de fiesta
Hoy no podemos perder
Muchachos traigan vino juega Santa Fe
Me emborracho bien borracho
Las locas vamo a correr
Todo lo que yo viví
Todo lo que yo dejé
Por seguir a Santa Fe
Nadie lo puede entender
Yo no sé cómo explicar
Que te llevo en la piel
Sos la droga que en las venas me inyectaron al nacer
Se me parte el corazón
Cada vez que vos perdes
Yo me tomo una cerveza y otra vez te vengo a ver",,,,,Barrabrava.net,https://barrabrava.net/independiente-santa-fe/la-guardia-albi-roja-sur/letra/muchachos-traigan-vino-juega-santa-fe/,2026-09-01,,Copiado de texto público mediante extracción reproducible,93,aceptado,,No,
CAN0358,CLU014,Independiente Santa Fe,Muchas veces fui preso por Santa fe,"Tambieenn lloree
& muchas veces fui preso por santa fe
Hay una cosa que solo le pido a dios
Que el rojo vaya conmigo hasta el cajón..
& vayas a donde vayas yo voy con vos
Porque esto es un sentimiento es un descontrol",,,,,Barrabrava.net,https://barrabrava.net/independiente-santa-fe/la-guardia-albi-roja-sur/letra/muchas-veces-fui-preso-por-santa-fe/,2026-09-01,,Copiado de texto público mediante extracción reproducible,42,requiere revisión: similitud,CAN0342,Sí,"Duplicado exacto también localizado en Barrabrava.net: https://barrabrava.net/independiente-santa-fe/la-guardia-albi-roja-sur/letra/tambien-llore/; Similitud alta conservada: CAN0342 (secuencia=0.976, vocabulario=0.946, longitud=1.000)"
CAN0359,CLU014,Independiente Santa Fe,Ni la muerte nos va separar,"A mi no me interesa en que cancha jugués
Local o visitante yo te vengo a ver
Ni la muerte nos va separar
Desde el cielo te voy alentar
Y vamo vamo vamo vamo santa fe bis
Te llevamos en el corazón
Daría la vida por verte campeón",,,,,Barrabrava.net,https://barrabrava.net/independiente-santa-fe/la-guardia-albi-roja-sur/letra/ni-la-muerte-nos-va-separar/,2026-09-01,,Copiado de texto público mediante extracción reproducible,48,requiere revisión: similitud,CAN0392,Sí,"Similitud alta conservada: CAN0392 (secuencia=0.843, vocabulario=0.925, longitud=0.889)"
CAN0360,CLU014,Independiente Santa Fe,No son bogotanos,"ohhhhh no son bogotanos
ohhhhh no son bogotanos
ohhhhh no son bogotanos
son amargos PROVINCIANOS
ohhhhh que se maten todos
ohhhhh que se maten todos
ohhhhh que se maten todos
que no quede ni uno SOLO",,,,,Barrabrava.net,https://barrabrava.net/independiente-santa-fe/la-guardia-albi-roja-sur/letra/no-son-bogotanos/,2026-09-01,,Copiado de texto público mediante extracción reproducible,36,aceptado,,No,
CAN0361,CLU014,Independiente Santa Fe,Orgullo bogotano,"Vamos el expreso
Orgullo bogotano
Ustedes pongan huevos
Que nosotros en la buena y en la mala alentamos
Porque te quiero te quiero leon
Porque te amo con loca pasion
Un sentimiento sin explicacion
Porque yo te quiero te llevo en el corazon",,,,,Barrabrava.net,https://barrabrava.net/independiente-santa-fe/la-guardia-albi-roja-sur/letra/orgullo-bogotano/,2026-09-01,,Copiado de texto público mediante extracción reproducible,43,aceptado,,No,
CAN0362,CLU014,Independiente Santa Fe,"Oye, ¡gózalo...con mi Santa Fe!","Señoras y señooooores, les voy a presentar
A la bandaaaa… de la capital
primeros si señoreeees , para la eternidad
Y sólo queremoooos… volver la vuelta dar.
Todo el expresoooo…está alentando
Todo el mundo tieneeeee… que estar saltando
Si alguien me pregunta a mí por qué (¿por qué?)
¡Óyelo bien!, ¡escúchalo! … que ésta es
Oye, ¡gózalo...con mi Santa Fe!
Oye, ¡gózalo...con mi Santa Fe!
Oye, ¡gózalo...con mi Santa Fe!",,,,,Barrabrava.net,https://barrabrava.net/independiente-santa-fe/la-guardia-albi-roja-sur/letra/oye-gozalocon-mi-santa-fe/,2026-09-01,,Copiado de texto público mediante extracción reproducible,72,aceptado,,No,
CAN0363,CLU014,Independiente Santa Fe,Pediré la luna yo te la dare,"Yo soy de la banda,
Mas loca de todas,
Yo sigo al Expreso,
Siempre a toda hora,
No importa que diga,
La Tomba, la gente,
Yo sigo al expreso,
Siempre hasta la muerte.
Pediré la luna yo te la dare,
Que deje la droga y yo lo pensare,
Pero no me pidas que no vuelva mas,
Porque el Albirrojo es una enfermedad",,,,,Barrabrava.net,https://barrabrava.net/independiente-santa-fe/la-guardia-albi-roja-sur/letra/pedire-la-luna-yo-te-la-dare/,2026-09-01,,Copiado de texto público mediante extracción reproducible,62,requiere revisión: similitud,CAN0425,Sí,"Similitud alta conservada: CAN0425 (secuencia=0.984, vocabulario=0.955, longitud=0.969)"
CAN0364,CLU014,Independiente Santa Fe,Pongan huevos huevos albirrojo,"pongan huevos huevos albirrojo
pongan huevos huevos de verdad
que esta noche cueste lo que cueste
esta noche tenemos que ganar",,,,,Barrabrava.net,https://barrabrava.net/independiente-santa-fe/la-guardia-albi-roja-sur/letra/pongan-huevos-huevos-albirrojo/,2026-09-01,,Copiado de texto público mediante extracción reproducible,21,aceptado,,No,
CAN0365,CLU014,Independiente Santa Fe,Por qué será,"Por qué será,
Que te sigo a todas partes Leon,
Por qué será,
Que no se vivir sin vos,
Un carnaval toda la vida,
El expreso es la pasión,
Si no te veo,
Se me parte el corazón",,,,,Barrabrava.net,https://barrabrava.net/independiente-santa-fe/la-guardia-albi-roja-sur/letra/por-que-sera/,2026-09-01,,Copiado de texto público mediante extracción reproducible,38,requiere revisión: similitud,CAN0426,Sí,"Similitud alta conservada: CAN0426 (secuencia=0.974, vocabulario=0.966, longitud=0.950)"
CAN0366,CLU014,Independiente Santa Fe,"Porque el expreso, es alegria","Porque el expreso, es alegria
es lo mas grande, que hay en la vida
siempre lo veo, de la cabeza
vos sos la droga, que no se deja
santafe santafe, vamos vamos santafe,
santafe santafe, vamos vamos santafe",,,,,Barrabrava.net,https://barrabrava.net/independiente-santa-fe/la-guardia-albi-roja-sur/letra/porque-el-expreso-es-alegria/,2026-09-01,,Copiado de texto público mediante extracción reproducible,38,aceptado,,No,
CAN0367,CLU014,Independiente Santa Fe,Porque Santa Fe es toda mi vida entera,"Yo, me enamore por completo de este color,
Me declaro adicto al Leon,
Se que a mi la vida mil vueltas me puede dar,
Pero nunca te voy a dejar,
Teñir, con el rojo y blanco todo mi vivir,
Y si no te veo me voy a morir,
Porque Santa Fe es toda mi vida entera,
Oh, no hay hinchada que se pueda comparar,
Porque en todo lado siempre vamo a estar,
No le importa nada y siempre esta de fiesta,
Al expreso, lo sigo alentando para ser primero,
Esa es la gloriosa herencia de mi viejo,
La que me dejo cuando era pequeño,
Pongan huevos, es inexplicable todo lo que siento,
Porque en Japón ya fuimos los primeros,
No necesitamos de ningún dinero,",,,,,Barrabrava.net,https://barrabrava.net/independiente-santa-fe/la-guardia-albi-roja-sur/letra/porque-santa-fe-es-toda-mi-vida-entera/,2026-09-01,,Copiado de texto público mediante extracción reproducible,124,requiere revisión: similitud,CAN0387,Sí,"Similitud alta conservada: CAN0387 (secuencia=0.984, vocabulario=0.966, longitud=1.000)"
CAN0368,CLU014,Independiente Santa Fe,Que lo vengan a ver,"que lo vengan a ver
que lo vengan a ver
eso no es un arquero
es una puta de cabaret",,,,,Barrabrava.net,https://barrabrava.net/independiente-santa-fe/la-guardia-albi-roja-sur/letra/que-lo-vengan-a-ver/,2026-09-01,,Copiado de texto público mediante extracción reproducible,20,aceptado,,No,
CAN0369,CLU014,Independiente Santa Fe,Que pasó millonarios?,"Qué pasó millonarios, otra vez te quedaste esperando?
Porque gacha está muerto, ese puto murió acribillado
Compraste jugadores y también le pagaste a los jueces
Ensuciaste tu escudo, esa mancha se queda por siempre!
Pero nunca podrás comprar una hinchada oh oh!
Que te aliente en la buena y en la mala oh oh!
Si la tuya siempre te saca en tanqueta
Si vas perdiendo, también puteas
Soy del rojo en la buena y en la mala oh oh!
No me importa ir primero en la tabla oh oh!
Y por es millonarios yo te digo
De que te sirve, ser más campeón
Compraste copas... SOS UN CAGÓN!",,,,,Barrabrava.net,https://barrabrava.net/independiente-santa-fe/la-guardia-albi-roja-sur/letra/que-paso-millonarios/,2026-09-01,,Copiado de texto público mediante extracción reproducible,108,aceptado,,No,
CAN0370,CLU014,Independiente Santa Fe,Queremos la copa,"Vamos santafeee
queremos la copaaa
la banda esta loca leon
quiero verte campeon..
yo te voy a alentar como todos los años
esta es mi ilusion la de verte campeon
LEONN",,,,,Barrabrava.net,https://barrabrava.net/independiente-santa-fe/la-guardia-albi-roja-sur/letra/queremos-la-copa/,2026-09-01,,Copiado de texto público mediante extracción reproducible,31,aceptado,,No,
CAN0371,CLU014,Independiente Santa Fe,Queremos salir campeones,"Queremos salir campeones este año!
ustedes pongan los huevos que aqui alentamos!
hace mucho tiempo que la vuelta yo quiero dar!
albirrojo hoy no me podes fallar!
vamos santafe, vamos santafe
vamos santafe, vamos santafe",,,,,Barrabrava.net,https://barrabrava.net/independiente-santa-fe/la-guardia-albi-roja-sur/letra/queremos-salir-campeones/,2026-09-01,,Copiado de texto público mediante extracción reproducible,35,aceptado,,No,
CAN0372,CLU014,Independiente Santa Fe,Quiero oir todas las voces,"quiero oir todas las voces
alentado al expresooo
quiero ver los jugadores
poniendo todo los guevos
rojo vos sos mi pasion
rojo vos sos mi locura
dejen la vida en la cancha
yo la dejo en la tribuna
dale dale rojo dale dale rojo
dale dale rojo dale dale rojo",,,,,Barrabrava.net,https://barrabrava.net/independiente-santa-fe/la-guardia-albi-roja-sur/letra/quiero-oir-todas-las-voces/,2026-09-01,,Copiado de texto público mediante extracción reproducible,50,aceptado,,No,
CAN0373,CLU014,Independiente Santa Fe,Rojo mi buen amigo esta campaña volvere a estar contigo,"rojo, mi buen amigo!
esta campaña volvere a estar contigo!
te alentaremos de corazon!
esta es la banda que te quiere ver campeon!
no me importa lo que digan
lo que digan los demas!
yo te sigo a todas partes!
cada vez te amo mas!!",,,,,Barrabrava.net,https://barrabrava.net/independiente-santa-fe/la-guardia-albi-roja-sur/letra/rojo-mi-buen-amigo-esta-campana-volvere-a-estar-contigo/,2026-09-01,,Copiado de texto público mediante extracción reproducible,45,aceptado,,No,
CAN0374,CLU014,Independiente Santa Fe,Santa fe es alegria,"Santafe es alegria (alegria)
de mi corazon
ponga hueva albi rojo
quiero verte otra vez campeon
yo daria mi vida
por esta pasion
ponga hueva albirrojo
quiero verte otra vez campeon
todas la campañas que vivi
todas las canchas donde te segui
cuantos goles por ti celebramos
cuantas veces te alentamos desde que te conoci
siempre, siempre te voy a alentar
voy a seguirte por donde vayas
vamos pongan huevos que ganamos asi todos celebramos yo la vuelta quiero dar",,,,,Barrabrava.net,https://barrabrava.net/independiente-santa-fe/la-guardia-albi-roja-sur/letra/santa-fe-es-alegria/,2026-09-01,,Copiado de texto público mediante extracción reproducible,80,aceptado,,No,
CAN0375,CLU014,Independiente Santa Fe,Santa fe fuego interior,"y vamos santafe fuego interior
pones al rojo vivo mi corazon
vamos santafesote
hay que jugar bonito
para ganarles hoy",,,,,Barrabrava.net,https://barrabrava.net/independiente-santa-fe/la-guardia-albi-roja-sur/letra/santa-fe-fuego-interior/,2026-09-01,,Copiado de texto público mediante extracción reproducible,20,aceptado,,No,
CAN0376,CLU014,Independiente Santa Fe,Santa Fe ésta es tu hinchada,"Como amarte menos…Si eres mi vivir.
Con esos colores…Me siento morir.
Santa Fe ésta es tu hinchada. Tú te lo buscaste por despertar mi pasión
Encendiste mi hoguera te llevo en el corazón…yo te aliento hasta que muera.
Llévame a la gloria…siempre te seguí.
Con el rojo y blanco…la guardia está aquí.
Santa Fe ésta es tu hinchada. Tú te lo buscaste por despertar mi pasión.
Encendiste mi hoguera te llevo en el corazón…yo te aliento hasta que muera.
Como trasplantarte… a mi corazón.
Como no adorarte… Desde que nací.
Santa Fe ésta es tu hinchada. Tú te lo buscaste por despertar mi pasión.
Encendiste mi hoguera te llevo en el corazón…yo te aliento hasta que muera.",,,,,Barrabrava.net,https://barrabrava.net/independiente-santa-fe/la-guardia-albi-roja-sur/letra/santa-fe-esta-es-tu-hinchada/,2026-09-01,,Copiado de texto público mediante extracción reproducible,124,aceptado,,No,
CAN0377,CLU014,Independiente Santa Fe,Ser albirrojo es un honor una pasión,"¡Vamos albirrojo!
¡Vamos albirrojo, vamos albirojo, vamos albirrojo! ¡Vamos albirrojo!
Nadie comprende que este amor se sienta asi,
Que venga a verte,
Y aunque me muera de dolor yo estoy con vos,
Hasta la muerte,
Ser albirrojo es un honor una pasión,
Un sentimiento,
Desde pequeño yo me enamoré de vos,
Por eso vengo,
¡Vamos León!
¡Vamos, vamos, vamos, vamos León!
¡Vamos, vamos, vamos, vamos León!
¡Vamos, vamos el León de mi corazón!(x2)",,,,,Barrabrava.net,https://barrabrava.net/independiente-santa-fe/la-guardia-albi-roja-sur/letra/ser-albirrojo-es-un-honor-una-pasion/,2026-09-01,,Copiado de texto público mediante extracción reproducible,74,requiere revisión: similitud,CAN0436,Sí,"Similitud alta conservada: CAN0436 (secuencia=0.993, vocabulario=0.978, longitud=0.986)"
CAN0378,CLU014,Independiente Santa Fe,Señores soy del leon soy bogotano,"señores soy del leon soy bogotano (que chimba)
aqui no somos gallinas ni codiciados(hijueputas)
que orgullo ser del expreso
el mas grande el primer campeon
la guardia sigue alentando de corazon
dale leon dale leon dale leon dale leon",,,,,Barrabrava.net,https://barrabrava.net/independiente-santa-fe/la-guardia-albi-roja-sur/letra/senores-soy-del-leon-soy-bogotano/,2026-09-01,,Copiado de texto público mediante extracción reproducible,40,aceptado,,No,
CAN0379,CLU014,Independiente Santa Fe,Señores soy del león del expreso bogotano,"Señores soy del león del expreso bogotano
Por eso juegues donde juegues te voy alentar, pasan los años jugadores la hinchada sigue igual
El sentimiento nunca va a terminar
Desde pequeño yo te vengo a ver
Desde pequeño yo te vengo a alentar
Daría la vida por un campeonato y una vuelta mas",,,,,Barrabrava.net,https://barrabrava.net/independiente-santa-fe/la-guardia-albi-roja-sur/letra/senores-soy-del-leon-del-expreso-bogotano/,2026-09-01,,Copiado de texto público mediante extracción reproducible,53,requiere revisión: similitud,CAN0431,Sí,"Similitud alta conservada: CAN0431 (secuencia=0.943, vocabulario=0.927, longitud=1.000)"
CAN0380,CLU014,Independiente Santa Fe,Señores yo dejo todo,"señores yo dejo todo (TODO)
me voy a ver al rojo
porque los jugadores
le van a demostrar
que salen a ganar
quieren salir campeon
que lo llevan adentro
como lo llevo yo",,,,,Barrabrava.net,https://barrabrava.net/independiente-santa-fe/la-guardia-albi-roja-sur/letra/senores-yo-dejo-todo/,2026-09-01,,Copiado de texto público mediante extracción reproducible,33,requiere revisión: similitud,CAN0418,Sí,"Similitud alta conservada: CAN0418 (secuencia=0.955, vocabulario=0.931, longitud=0.971)"
CAN0381,CLU014,Independiente Santa Fe,Si tu gente ya te lo demostro,"si tu gente ya te lo demostro
que en la mala siempre te acompaño
si la norte sentada se quedo
MILLONARIOS LA PUTA QUE TE PARIO
santafe me enamore de ti
santafe siempre vas a existir
la alegria de ver a santafe
las gallinas no lo pueden entender",,,,,Barrabrava.net,https://barrabrava.net/independiente-santa-fe/la-guardia-albi-roja-sur/letra/si-tu-gente-ya-te-lo-demostro/,2026-09-01,,Copiado de texto público mediante extracción reproducible,48,aceptado,,No,
CAN0382,CLU014,Independiente Santa Fe,Somos de la gloriosa banda de santafe,"Somos de la Gloriosa
de la banda de Santa Fe
la que va a todo lado, la que nadie puede correr
hay que poner más huevos, si la vuelta la queremos dar
albirrojo querido, Bogotá ya es un carnaval
con la banda vamo'a ir a todo lado oooohh
preparate hijo de puta provinciano ooohhh
albirrojo siempre voy a estar contigo
soy de la banda y a vos te sigo
de la cabeza tomando vino",,,,,Barrabrava.net,https://barrabrava.net/independiente-santa-fe/la-guardia-albi-roja-sur/letra/somos-de-la-gloriosa-banda-de-santafe/,2026-09-01,,Copiado de texto público mediante extracción reproducible,74,aceptado,,No,
CAN0383,CLU014,Independiente Santa Fe,Somos de la gloriosa banda santafereña,"Somos de la gloriosa banda santafereña
la que va a todo lados la que siempre te alienta
la que va caminando cuando llega al nemesio
enseñando los trapos porque le sobran huevos (porque?)
porque le sobran huevoss",,,,,Barrabrava.net,https://barrabrava.net/independiente-santa-fe/la-guardia-albi-roja-sur/letra/somos-de-la-gloriosa-banda-santaferena/,2026-09-01,,Copiado de texto público mediante extracción reproducible,37,aceptado,,No,
CAN0384,CLU014,Independiente Santa Fe,Somos el alma de bogota,"vamos vamos albirrojo vamos albirrojo vamos a ganar
somos la fuerza de un pueblo, somos el alma de bogota
¡rojo te llevo en el alma y cada dia te amo mas!",,,,,Barrabrava.net,https://barrabrava.net/independiente-santa-fe/la-guardia-albi-roja-sur/letra/somos-el-alma-de-bogota/,2026-09-01,,Copiado de texto público mediante extracción reproducible,31,aceptado,,No,
CAN0385,CLU014,Independiente Santa Fe,Somos La Fuerza De Un Pueblo,"Cómo explicar el sentimiento que llevo por dentro?
Días y noches esperando por este momento
Nunca Olvidaré, La primera vez
Que vine a la cancha, De ti me enamore
Mi felicidad, Es verte jugar
Somos los primeros, PARA LA ETERNIDAD!
Somos La Fuerza De Un Pueblo PRIMER CAMPEÓN!
Siempre alentando al expreso
Ya todos saben que juega Santa Fe
Esta es La Guardia, Te Vino a Ver!",,,,,Barrabrava.net,https://barrabrava.net/independiente-santa-fe/la-guardia-albi-roja-sur/letra/somos-la-fuerza-de-un-pueblo/,2026-09-01,,Copiado de texto público mediante extracción reproducible,67,aceptado,,No,
CAN0386,CLU014,Independiente Santa Fe,Somos los campeones del continente,"Somos los campeones del continente
Y eso nunca nadie lo va a cambiar
Con el león llegamo' a todas las canchas
Y la libertadores quiero ganar
Que amargura ser de miyoz que alegrias no les da
Mientras que con el expreso todo el año es carnaval
Y también le digo al verde
La ganamos sin pagar
No necesitamos narcos como lo hizo nacional",,,,,Barrabrava.net,https://barrabrava.net/independiente-santa-fe/la-guardia-albi-roja-sur/letra/somos-los-campeones-del-continente/,2026-09-01,,Copiado de texto público mediante extracción reproducible,63,aceptado,,No,
CAN0387,CLU014,Independiente Santa Fe,Soy Adicto al Leon,"Yo me enamore por completo de este color
Me declaro ADICTO AL LEON
Se, que a mi la vida mil vueltas me puede dar
Pero NUNCA TE VOY A DEJAR
Teñir, con el ROJO y BLANCO todo mi vivir
Y si no te veo me voy a morir
Porque SANTA FE es toda mi vida entera
Oh, no hay hinchada que se pueda comparar
Porque en todo lado siempre vamo' a estar
No le importa nada y siempre esta de fiesta
Al expreso, lo sigo alentando para ser primero
Esta es la gloriosa HERENCIA DE MI VIEJO
La que me dejo cuando era pequeño
Pongan huevo, es inexplicable todo lo que siento
Porque en Japon YA FUIMOS LOS PRIMEROS
No necesitamos de NINGUN dinero",,,,,Barrabrava.net,https://barrabrava.net/independiente-santa-fe/la-guardia-albi-roja-sur/letra/soy-adicto-al-leon/,2026-09-01,,Copiado de texto público mediante extracción reproducible,124,requiere revisión: similitud,CAN0367,Sí,"Similitud alta conservada: CAN0367 (secuencia=0.984, vocabulario=0.966, longitud=1.000)"
CAN0388,CLU014,Independiente Santa Fe,Soy albo rojo desde que nací,"Albirojo de mi vida siempre yo te sigo voy a todas partes
Porque es un sentimiento que llevo por dentro es inexplicable
Y vayas a donde vayas pase lo que pase yo voy a seguir
Por eso le digo a todos que soy albo rojo desde que nací
Por eso le digo a todos que soy albi rojo… DESDE QUE NACÍ",,,,,Barrabrava.net,https://barrabrava.net/independiente-santa-fe/la-guardia-albi-roja-sur/letra/soy-albo-rojo-desde-que-naci/,2026-09-01,,Copiado de texto público mediante extracción reproducible,61,aceptado,,No,
CAN0389,CLU014,Independiente Santa Fe,Soy del expreso,"Soy del expreso
y de la banda
la policía no para esta hinchada
un sentimiento inexplicable
se lleva adentro se lleva en la sangre
hoy te vinimos a ver
de la cabeza tomando vino
hoy no podemos perder
al albirrojo siempre lo sigo
de corazón
yo vengo a verte
te alentare hasta la muerte
yo voy con vos
a donde vas
y cada día yo te quiero mas...",,,,,Barrabrava.net,https://barrabrava.net/independiente-santa-fe/la-guardia-albi-roja-sur/letra/soy-del-expreso/,2026-09-01,,Copiado de texto público mediante extracción reproducible,68,aceptado,,No,
CAN0390,CLU014,Independiente Santa Fe,Soy del leon soy bogotano,"señores soy del leon soy bogotano
aqui no somos gallinas ni proviciaros
mi orgulllo es ser del expreso
el mas grande el primer campeon
laguardia viene alentando de corazon
dale leon dale leon",,,,,Barrabrava.net,https://barrabrava.net/independiente-santa-fe/la-guardia-albi-roja-sur/letra/soy-del-leon-soy-bogotano/,2026-09-01,,Copiado de texto público mediante extracción reproducible,33,aceptado,,No,
CAN0391,CLU014,Independiente Santa Fe,"También lloré, y muchas veces fui preso por Santa Fe","También lloré, y muchas veces fui preso por Santa Fe
Hay una cosa que solo le pido a Dios,
Que el Rojo vaya conmigo hasta el cajón,
Y vayas a donde vayas yo voy con vos,
Porque esto es un sentimiento, es un descontrol (x2)
¿Qué vas a hacer,
Si vos no tenés los huevos de Santa Fe?
Y dale alegría alegría a mi corazón,
La historia de Millonarios se repitió,
Ganarle a Santa Fé era su obsesión,
Y ahora te diste cuenta que sos cagón (x2)",,,,,Barrabrava.net,https://barrabrava.net/independiente-santa-fe/la-guardia-albi-roja-sur/letra/tambien-llore-y-muchas-veces-fui-preso-por-santa-fe/,2026-09-01,,Copiado de texto público mediante extracción reproducible,87,requiere revisión: similitud,CAN0414,Sí,"Similitud alta conservada: CAN0414 (secuencia=0.867, vocabulario=0.970, longitud=0.989)"
CAN0392,CLU014,Independiente Santa Fe,Te llevamos en el corazon,"A mi no me interesa en que cancha jugues
Local o visitante yo te vengo a ver
Ni la muerte nos va a separar
Desde el cielo te voy a alentar
Y vamos, vamos, vamos santa fe
Y vamos, vamos, vamos santa fe
Te llevamos en el corazon
Daria la vida por verte campeon",,,,,Barrabrava.net,https://barrabrava.net/independiente-santa-fe/la-guardia-albi-roja-sur/letra/te-llevamos-en-el-corazon/,2026-09-01,,Copiado de texto público mediante extracción reproducible,54,requiere revisión: similitud,CAN0359,Sí,"Similitud alta conservada: CAN0359 (secuencia=0.843, vocabulario=0.925, longitud=0.889)"
CAN0393,CLU014,Independiente Santa Fe,Te vine a alentar,"Te vine a Alentar
Dale dale rojo
Yo te sigo a todos lados
Te quiero ver CAMPEÓN
De la cuna yo doy del expreso
Este amor no se puede explicar
Es por eso albirojo querido
Que la vuelta yo la quiero dar
Dejen todo en la cancha muchachos
Y seguro salimos CAMPEÓN
Porque se........
QUE SIEMPRE,QUE SIEMPRE ESTOY CON EL LEÓN",,,,,Barrabrava.net,https://barrabrava.net/independiente-santa-fe/la-guardia-albi-roja-sur/letra/te-vine-a-alentar/,2026-09-01,,Copiado de texto público mediante extracción reproducible,62,aceptado,,No,
CAN0394,CLU014,Independiente Santa Fe,Todos los domingos llega al Nemesio,"Todos los domingos llega al Nemesio el primer campeón la fuerza de un pueblo y en la lateral se escucha el aliento, ya llego La Banda vamo´el Expreso
Nadie se imagina lo que yo siento, más que una pasión es un sentimiento, nadie se imagina porque al Expreso lo sigo alentando es amor eterno
Esta... es toda la banda del Primer Campeón, va descontrolada
Vamos... que toda esta gente siempre va alentando Rojo vaya al frente
Y solo le pido a Dios que haga que el Expreso sea otra vez primero...
PARA SALIR CAMPEÓN!!!",,,,,Barrabrava.net,https://barrabrava.net/independiente-santa-fe/la-guardia-albi-roja-sur/letra/todos-los-domingos-llega-al-nemesio/,2026-09-01,,Copiado de texto público mediante extracción reproducible,95,requiere revisión: similitud,CAN0433,Sí,"Similitud alta conservada: CAN0433 (secuencia=0.979, vocabulario=0.984, longitud=1.000)"
CAN0395,CLU014,Independiente Santa Fe,Un sentimiento no trates de entenderlo,"No se compara
Con otra hinchada
Soy albirrojo en la buena y en la mala
Te sigo desde pequeño
Porque estoy enamorado
Por eso te vengo a ver descontroladoo
Y van saliendo
Vamos el expreso
un sentimiento NO TRATEN DE ENTENDERLO",,,,,Barrabrava.net,https://barrabrava.net/independiente-santa-fe/la-guardia-albi-roja-sur/letra/un-sentimiento-no-trates-de-entenderlo/,2026-09-01,,Copiado de texto público mediante extracción reproducible,41,aceptado,,No,
CAN0396,CLU014,Independiente Santa Fe,Vamos bogotanos,"ohhhh vamos bogotanos
ohhhh vamos bogotanos
ohhhh vamos bogotanos
pongan huevas QUE GANAMOS",,,,,Barrabrava.net,https://barrabrava.net/independiente-santa-fe/la-guardia-albi-roja-sur/letra/vamos-bogotanos/,2026-09-01,,Copiado de texto público mediante extracción reproducible,13,aceptado,,No,
CAN0397,CLU014,Independiente Santa Fe,Vamos tomando vino con marihuana,"¡¡POR SANTA FE!! ¡¡POR SANTA FE!!
¡¡POR SANTA FE!! ¡¡POR SANTA FE!!
Dicen que estamos locos de la cabeza (pura mierda)
Pero a esta banda loca no le interesa
Vamos tomando vino con marihuana (y pepas)
Somos los de la banda descontrolada
¡¡POR SANTA FE!! ¡¡POR SANTA FE!!
¡¡POR SANTA FE!! ¡¡POR SANTA FE!!",,,,,Barrabrava.net,https://barrabrava.net/independiente-santa-fe/la-guardia-albi-roja-sur/letra/vamos-tomando-vino-con-marihuana/,2026-09-01,,Copiado de texto público mediante extracción reproducible,54,aceptado,,No,
CAN0398,CLU014,Independiente Santa Fe,Viejo expreso querido,"NACÍ LEÓN yo te llevo en las venas, dentro del corazón
ADICTO A TI los momentos vividos, todo lo que yo sufrí
porque te sigo en las buena y en las malas
ganes o pierdas a mi no me importa nada
porque a pesar de todo lo que hemos pasado
VIEJO EXPRESO QUERIDO, SIEMPRE ESTARÉ A TU LADO
hay una hinchada que es distinta a las demás
esta es la guardia que te sigue a donde vas
y no me importa lo que diga el periodismo
al sentimiento no lo llamen terrorismo
esta es tu hinchada que no te va abandonar
ganes o pierda contigo vamos a estar
y de tu escudo yo siempre el guardián seré
porque te amo INDEPENDIENTE SANTA FE",,,,,Barrabrava.net,https://barrabrava.net/independiente-santa-fe/la-guardia-albi-roja-sur/letra/viejo-expreso-querido/,2026-09-01,,Copiado de texto público mediante extracción reproducible,123,aceptado,,No,
CAN0399,CLU014,Independiente Santa Fe,"Y aqui estoy yo, enamorado de santafe","y aqui estoy yo, enamorado de santafe
por donde juegues lo voy a ver, es la locura que no quiero curarme
ya vas a ver, nos tienen que mirar y aprender
les hicimos la fiesta otra vez, con la guardia no pueden compararse
te juro que millos se va a morir, igual que los putos de nacional
ya han pasado 20 años alentando, hasta ya copamos el monumental
no somos amargos como las gallinas, no compramos copas como nacional
nunca hemos descendido como el diablo, demostramos el aguante cardenal",,,,,Barrabrava.net,https://barrabrava.net/independiente-santa-fe/la-guardia-albi-roja-sur/letra/y-aqui-estoy-yo-enamorado-de-santafe/,2026-09-01,,Copiado de texto público mediante extracción reproducible,89,aceptado,,No,
CAN0400,CLU014,Independiente Santa Fe,Ya llego la Guardia Roja,"Ya llego la guardia roja
La que en toda cancha copa
La que duró tantos años sin poder salir campeón
Pedimo a los jugadores
Que dejen siempre la vida
Al expreso Bogotano le entregue mi corazón
Tanto por seguirte a todos lados
Los momentos que no olvidare
Por verte una y otra vez
Aquí estaré siempre a tu lado
Vamo independiente santa fe",,,,,Barrabrava.net,https://barrabrava.net/independiente-santa-fe/la-guardia-albi-roja-sur/letra/ya-llego-la-guardia-roja/,2026-09-01,,Copiado de texto público mediante extracción reproducible,63,aceptado,,No,
CAN0401,CLU014,Independiente Santa Fe,Ya se acerca noche buena,"ya se acerca noche buena, ya se acerca navidad
para toda la gallina el regalo de papá",,,,,Barrabrava.net,https://barrabrava.net/independiente-santa-fe/la-guardia-albi-roja-sur/letra/ya-se-acerca-noche-buena/,2026-09-01,,Copiado de texto público mediante extracción reproducible,17,aceptado,,No,
CAN0402,CLU014,Independiente Santa Fe,Ya vas a ver a la guardia,"Ya vas a ver a la guardia
que es la mas looooca de todas
la que copo 4 cuadras
caminandooo por la loma
para correr al rojo hay que poner mas guevos guevos
los que no tiene el verde tampoco el gayinero tampoco el gayineeeero",,,,,Barrabrava.net,https://barrabrava.net/independiente-santa-fe/la-guardia-albi-roja-sur/letra/ya-vas-a-ver-a-la-guardia/,2026-09-01,,Copiado de texto público mediante extracción reproducible,45,aceptado,,No,
CAN0403,CLU014,Independiente Santa Fe,Yo no se lo que he tomado,"Esta lokura no entiende... de leyes ni policias
a mi me chupan las bolas los del verde y las gayinas
esta es la banda loka del leon la que te sigue siempre a donde juegues
la que lleva en el alma la pasion se explica solamente con el corazon
yo no se lo que he tomado pero estoy descontrolado
albi rojo como siempre dejo todo y vengo a verte.",,,,,Barrabrava.net,https://barrabrava.net/independiente-santa-fe/la-guardia-albi-roja-sur/letra/yo-no-se-lo-que-he-tomado/,2026-09-01,,Copiado de texto público mediante extracción reproducible,69,aceptado,,No,
CAN0404,CLU014,Independiente Santa Fe,Yo soy del rojo señor,"Yo soy del rojo señor
cantemos todos con alegria
aunque no salga campeon
el sentimiento no se termina
cuidate diablo en el pascual guerrero
la guardia roja ya fue a ese puto pueblo
cuidate verde vos sos un comunero
cuidate azul..... vamos por vos primero
las gallinas son asi
son la basura capitalina
cuando no salen campeon
esas tribunas estan vacias!",,,,,Barrabrava.net,https://barrabrava.net/independiente-santa-fe/la-guardia-albi-roja-sur/letra/yo-soy-del-rojo-senor/,2026-09-01,,Copiado de texto público mediante extracción reproducible,61,requiere revisión: similitud,CAN0349,Sí,"Similitud alta conservada: CAN0349 (secuencia=0.967, vocabulario=0.926, longitud=1.000)"
CAN0405,CLU014,Independiente Santa Fe,Yo soy hincha del leon,"En el nemesio, hay una banda
que va a todos lados, siempre se la aguanta
corrimos al verde (putos), y al gayinero
yo soy del expreso, porque lo amo
del leon del leon, yo soy hincha del leon
del leon del leon, yo soy hincha del leon",,,,,Barrabrava.net,https://barrabrava.net/independiente-santa-fe/la-guardia-albi-roja-sur/letra/yo-soy-hincha-del-leon/,2026-09-01,,Copiado de texto público mediante extracción reproducible,47,aceptado,,No,
CAN0406,CLU014,Independiente Santa Fe,Yo te amo,"ole ole ole ole ole ole ola
vamos mi santafe
cada dia te quiero mas
yoooooo yo te amo
es un sentimiento
no puedo paraaar",,,,,Barrabrava.net,https://barrabrava.net/independiente-santa-fe/la-guardia-albi-roja-sur/letra/yo-te-amo/,2026-09-01,,Copiado de texto público mediante extracción reproducible,25,requiere revisión: similitud,CAN0320,Sí,"Similitud alta conservada: CAN0320 (secuencia=0.920, vocabulario=0.810, longitud=1.000)"
CAN0407,CLU014,Independiente Santa Fe,Yo vivo por tu alegría,"En esta hinchada se vive…con la gloria y la grandeza
Por eso es que yo te llevo… llevo siempre en la cabeza
Yo quiero verte ganando…dejando todo en la cancha
Yo vivo por tu alegría, como del gol y el aguanteeeee
Yo vivo por tu alegría.
En este equipo se vive…con la tradición delante
Por eso es que tu alegría… es un tesoro tan grande.
Si los sueños van naciendo antes de lo que les toca
¿Qué importa si yo te veo viendo conquistar la copaaaaa?..., eh, eh
¿Qué importa si yo te veo?
Y hay que alentar y hay que saltar…Ya lo están sintiendo
Y hay que alentar y hay que saltar…A poner más huevos
A poner más huevos.
Nota. La música de la letra es con la canción de: Tu Sonisa- 1280 Almas",,,,,Barrabrava.net,https://barrabrava.net/independiente-santa-fe/la-guardia-albi-roja-sur/letra/yo-vivo-por-tu-alegria/,2026-09-01,,Copiado de texto público mediante extracción reproducible,140,aceptado,,No,
CAN0408,CLU014,Independiente Santa Fe,"¡Vamos Rojo, vamos!","¡Vamos Rojo, vamos!
Ustedes pongan huevos que ganamos,
Vamos a traer la copa a la vitrina,
Esa que se robaron las Gallinas (¡Hijos de puta!)
¡Vamos Rojo, vamos!
Ustedes pongan huevos que ganamos,
Vamos a dar la vuelta todos juntos,
Hay que poner un poco más de huevos (más de huevos)",,,,,Barrabrava.net,https://barrabrava.net/independiente-santa-fe/la-guardia-albi-roja-sur/letra/vamos-rojo-vamos/,2026-09-01,,Copiado de texto público mediante extracción reproducible,51,requiere revisión: similitud,CAN0439,Sí,"Similitud alta conservada: CAN0439 (secuencia=0.971, vocabulario=0.903, longitud=0.981)"
CAN0409,CLU014,Independiente Santa Fe,Albirojo Soy con la Guardia a Todos Lados Voy,"Albirojo soy con la guardia a todos lados voy, Albirojo soy con la guardia a todos lados voy, El rojo es pasión locura y corazón, Ni la muerte nos va a separar, Hoy hay que ganar, No podemos perder, Y campeones salir otra vez... (Se repite...)",,,,,FanChants,https://www.fanchants.com/es/football-songs/club-santa-fe-chants/santa-fe-chant-4/,2026-09-01,,Copiado de texto público mediante extracción reproducible,46,requiere revisión: similitud,CAN0317,Sí,"Similitud alta conservada: CAN0317 (secuencia=0.978, vocabulario=0.941, longitud=0.957)"
CAN0410,CLU014,Independiente Santa Fe,Dale Leon,"Dale, León, 
Oh, oh, oh, oh,
Dale, León, 
Oh, oh, oh, oh...
(Se repite...)",,,,,FanChants,https://www.fanchants.com/es/football-songs/club-santa-fe-chants/santa-fe-chant-9/,2026-09-01,2013,Copiado de texto público mediante extracción reproducible,14,aceptado,,No,
CAN0411,CLU014,Independiente Santa Fe,De la Cuna,"De la cuna yo soy del expreso, Este amor no se puede explicar, Es por eso albi-rojo querido, Que la vuelta yo la quiero dar, Dejen todo en la cancha muchachos, Y seguro que salimos campeón, Porque se, Que siempre, Que siempre estoy con el León...",,,,,FanChants,https://www.fanchants.com/es/football-songs/club-santa-fe-chants/santa-fe-chant-3/,2026-09-01,2013,Copiado de texto público mediante extracción reproducible,47,aceptado,,No,
CAN0412,CLU014,Independiente Santa Fe,El Que No Salte,"Poropopo, El que no salte, No es del León, Poropopo, El que no salte, No es del León... (Repeated...)",,,,,FanChants,https://www.fanchants.com/es/football-songs/club-santa-fe-chants/popo-8/,2026-09-01,2013,Copiado de texto público mediante extracción reproducible,19,aceptado,,No,
CAN0413,CLU014,Independiente Santa Fe,Fuego Interior,"¡Vamos Santa Fe, fuego interior! Ponés al rojo vivo mi corazon, Vamos Santafesote que hay que jugar bonito para ganarles hoy... (Se repite...)",,,,,FanChants,https://www.fanchants.com/es/football-songs/club-santa-fe-chants/come-on-santa-fe/,2026-09-01,,Copiado de texto público mediante extracción reproducible,23,aceptado,,No,
CAN0414,CLU014,Independiente Santa Fe,Hasta el Cajón,"Hay una cosa que solo le pido a Dios, 
Que el Rojo vaya conmigo hasta el cajón, 
Y vayas a donde vayas yo voy con vos, 
Porque esto es un sentimiento, es un descontrol, 
También lloré, y muchas veces fui preso por Santa Fe, 

¿Qué vas a hacer, 
Si vos no tenés los huevos de Santa Fe?
Y dale alegría alegría a mi corazón,
La historia de Millonarios se repitió,
Ganarle a Santa Fé era su obsesión,
Y ahora te diste cuenta que sos cagón…
(Repeated)",,,,,FanChants,https://www.fanchants.com/es/football-songs/club-santa-fe-chants/santa-fe-chant-7/,2026-09-01,2013,Copiado de texto público mediante extracción reproducible,86,requiere revisión: similitud,CAN0391,Sí,"Similitud alta conservada: CAN0391 (secuencia=0.867, vocabulario=0.970, longitud=0.989)"
CAN0415,CLU014,Independiente Santa Fe,Independiente,"Independiente, Independiente, Independiente, Independiente, Independiente, Independiente, Independiente Santa Fe. Dale, Leon, Dale, Leon, Dale, Leon, Dale, Leon, Dale, Leon, Dale, Leon, Dale, Leon, Dale, Campeón, Dale, Campeón, Dale, Campeón, Dale, Campeón, Dale, Campeón, Dale, Campeón, Dale, Campeón, Dale, Campeón, Dale, Campeón...",,,,,FanChants,https://www.fanchants.com/es/football-songs/club-santa-fe-chants/independiente-santa-fe-2/,2026-09-01,2013,Copiado de texto público mediante extracción reproducible,41,aceptado,,No,
CAN0416,CLU014,Independiente Santa Fe,La Banda Loca Descontrolada,"Esta es la banda loca descontrolada,
La que sigue al expreso y no pide nada,
La que deja la vida por los colores,
La que le sigue el juego a los jugadores,
Canta y no llores…
(Repeated...)",,,,,FanChants,https://www.fanchants.com/es/football-songs/club-santa-fe-chants/this-is-the-crazy-gang/,2026-09-01,2017,Copiado de texto público mediante extracción reproducible,37,requiere revisión: similitud,CAN0338,Sí,"Similitud alta conservada: CAN0338 (secuencia=0.986, vocabulario=0.963, longitud=0.973)"
CAN0417,CLU014,Independiente Santa Fe,La Gloria No Se Fue de Santa Fe,"El Rojo es la locura es la pasión, Al Rojo yo lo quiero ver campeón, Gallina preparate para ver, La gloria no se fue de Santa Fe, Vamos león, Vamos a ganar, Porque la vuelta vamos a dar, Hoy vamos hacer, De Bogotá, Todo el distrito Cardenal...",,,,,FanChants,https://www.fanchants.com/es/football-songs/club-santa-fe-chants/heart-20/,2026-09-01,2013,Copiado de texto público mediante extracción reproducible,47,requiere revisión: similitud,CAN0333,Sí,"Similitud alta conservada: CAN0333 (secuencia=0.915, vocabulario=0.944, longitud=1.000)"
CAN0418,CLU014,Independiente Santa Fe,Me Voy a Ver al Rojo,"Señores yo dejo todo,
Me voy a ver al Rojo,
Porque los jugadores le van a demostrar,
Que salen a ganar,
Quieren salir campeón,
Que lo llevan adentro como lo llevo yo...
(Se repite...)",,,,,FanChants,https://www.fanchants.com/es/football-songs/club-santa-fe-chants/can-we-leave-champions/,2026-09-01,2017,Copiado de texto público mediante extracción reproducible,34,requiere revisión: similitud,CAN0380,Sí,"Similitud alta conservada: CAN0380 (secuencia=0.955, vocabulario=0.931, longitud=0.971)"
CAN0419,CLU014,Independiente Santa Fe,Oh Santa Fe,"Dicen que estamos locos de la cabeza,
Una m*****,
Pero a esta banda loca no le interesa,
Vamos tomando vino con marihuana,
Somos los de la banda descontrolada,
Oh Santa Fe,
Oh Santa Fe,
Oh Santa Fe,
Oh Santa Fe...
(Repeated...)",,,,,FanChants,https://www.fanchants.com/es/football-songs/club-santa-fe-chants/oh-santa-fe/,2026-09-01,2017,Copiado de texto público mediante extracción reproducible,41,requiere revisión: similitud,CAN0327,Sí,"Similitud alta conservada: CAN0327 (secuencia=0.963, vocabulario=0.900, longitud=0.976)"
CAN0420,CLU014,Independiente Santa Fe,Ole Omar,"Ole, ole, ole, ole, 
Omar, Omar..
(Se repite...)","FanChants presenta la letra como un homenaje a Omar; Independiente Santa Fe identifica a Ómar Sebastián Pérez como jugador, capitán y uno de sus mayores ídolos.",Ómar Sebastián Pérez,https://independientesantafe.com/2019/03/09/comunicado-oficial-situacion-medica-omar-sebastian-perez/,verificado con fuente externa,FanChants,https://www.fanchants.com/es/football-songs/club-santa-fe-chants/ole-ole-35/,2026-09-01,2013,Copiado de texto público mediante extracción reproducible,8,aceptado,,No,
CAN0421,CLU014,Independiente Santa Fe,Otra Vez,"Otra vez, otra vez,
Te vinieron a ver,
Todos los muchachos,
Que te aman Santa Fe...
(Repetido...)",,,,,FanChants,https://www.fanchants.com/es/football-songs/club-santa-fe-chants/another-time-2/,2026-09-01,2013,Copiado de texto público mediante extracción reproducible,17,aceptado,,No,
CAN0422,CLU014,Independiente Santa Fe,Para Ser Campeón,"¡Vamos, vamos Santa Fe!
Hoy te vinimos a alentar,
Para ser campeón,
Hoy hay que ganar...
(Se repite...)",,,,,FanChants,https://www.fanchants.com/es/football-songs/club-santa-fe-chants/come-on-come-on-santa-fe/,2026-09-01,2017,Copiado de texto público mediante extracción reproducible,18,aceptado,,No,
CAN0423,CLU014,Independiente Santa Fe,Pasión,"La que te sigue siempre a donde juegue,
La que lleva en el alma esta pasión,
Se explica solamente con el corazón,

Yo no se lo que tomando,
Pero estoy descontrolado,
Albi Rojo como siempre, 
Dejo todo y vengo a verte.

Esta locura no entiende, de leyes y policías,
A mi me chupan las bolas 
Los del Verde y las gallinas...",,,,,FanChants,https://www.fanchants.com/es/football-songs/club-santa-fe-chants/out-of-control/,2026-09-01,2018,Copiado de texto público mediante extracción reproducible,61,aceptado,,No,
CAN0424,CLU014,Independiente Santa Fe,Pideme la Luna,"Vamos El Expreso, Orgullo bogotano, Ustedes pongan huevo, Que nosotros en las buenas, Y en las malas te alentamos, Porque te quiero, te quiero León, Porque te amo con loca pasión, Un sentimiento sin explicación, Porque yo te llevo en el corazón…",,,,,FanChants,https://www.fanchants.com/es/football-songs/club-santa-fe-chants/santa-fe-chant-6/,2026-09-01,2013,Copiado de texto público mediante extracción reproducible,42,aceptado,,No,
CAN0425,CLU014,Independiente Santa Fe,Pideme la Luna v2,"Yo soy de la banda, 
Mas loca de todas,
Yo sigo al Expreso, 
Siempre a toda hora, 
No importa que diga, 
La Tomba, la gente, 
Yo sigo al expreso, 
Siempre hasta la muerte. 
Pediré la luna yo te la dare,
Que deje la droga y yo lo pensare, 
Pero no me pidas que no vuelva mas, 
Porque el Albirrojo es una enfermedad…
(Se repite…)",,,,,FanChants,https://www.fanchants.com/es/football-songs/club-santa-fe-chants/santa-fe-chant-10/,2026-09-01,2013,Copiado de texto público mediante extracción reproducible,64,requiere revisión: similitud,CAN0363,Sí,"Similitud alta conservada: CAN0363 (secuencia=0.984, vocabulario=0.955, longitud=0.969)"
CAN0426,CLU014,Independiente Santa Fe,Por Qué Será,"Por qué será, 
Que te sigo a todas partes Leon, 
Por qué será, 
Que no se vivir sin vos, 
Un carnaval toda la vida, 
El expreso es la pasión, 
Si no te veo, 
Se me parte el corazón…
(Se repite…)",,,,,FanChants,https://www.fanchants.com/es/football-songs/club-santa-fe-chants/passion-9/,2026-09-01,2013,Copiado de texto público mediante extracción reproducible,40,requiere revisión: similitud,CAN0365,Sí,"Similitud alta conservada: CAN0365 (secuencia=0.974, vocabulario=0.966, longitud=0.950)"
CAN0427,CLU014,Independiente Santa Fe,Que Sientes,"Te vine a alentar, Dale dale rojo, Yo te sigo a todos lados, Te quiero ver campeón, Porque sé que siempre, Que siempre estoy con el León…",,,,,FanChants,https://www.fanchants.com/es/football-songs/club-santa-fe-chants/santa-fe-chant-8/,2026-09-01,2013,Copiado de texto público mediante extracción reproducible,27,aceptado,,No,
CAN0428,CLU014,Independiente Santa Fe,Queremos la Copa,"Vamos Santa Fe, Queremos la copa, La banda está loca León, Quiero verte campeón, Yo te voy a alentar, Como todos los años, Esta es mi ilusión la de verte campeón, Leóóóón... (Se repite...)",,,,,FanChants,https://www.fanchants.com/es/football-songs/club-santa-fe-chants/we-want-the-cup-2/,2026-09-01,2018,Copiado de texto público mediante extracción reproducible,34,aceptado,,No,
CAN0429,CLU014,Independiente Santa Fe,Santa Fe Es Alegría,"Todas las campañas que viví, Todas las canchas donde te seguí, Cuántos goles por ti celebramos, Cuántas veces te alentamos desde que te conocí, Siempre te voy a alentar, Voy a seguirte por donde vayas, Vamos pongan huevos que ganamos, Así todos celebramos, Yo la vuelta quiero dar, Santa Fe es alegría, (¡alegría!) Santa Fe es pasión, Pongan huevo Albirrojos, Quiero verte otra vez campeón, Yo daría mi vida por esta pasión, Pongan huevo Albirrojos, Quiero verte otra vez campeón...",,,,,FanChants,https://www.fanchants.com/es/football-songs/club-santa-fe-chants/forever-3/,2026-09-01,2013,Copiado de texto público mediante extracción reproducible,80,aceptado,,No,
CAN0430,CLU014,Independiente Santa Fe,Santa Fe Es Alegría v2,"Todas las campañas que viví,
Todas las canchas donde te seguí,
Cuántos goles por ti celebramos,
Cuántas veces te alentamos desde que te conocí,
Siempre te voy a alentar,
Voy a seguirte por donde vayas,
Vamos pongan huevos que ganamos,
Así todos celebramos,
Yo la vuelta quiero dar,
Santa Fe es alegría, (¡alegría!)",,,,,FanChants,https://www.fanchants.com/es/football-songs/club-santa-fe-chants/santa-fe-passion/,2026-09-01,2013,Copiado de texto público mediante extracción reproducible,53,aceptado,,No,
CAN0431,CLU014,Independiente Santa Fe,Soy del Rojo el Expreso Bogotano,"Señores soy del rojo el expreso bogotano, Por eso juegues donde juegues te voy a alentar, Pasan los años, jugadores, la hinchada sigue igual, El sentimiento nunca va a terminar, Desde pequeño yo te vengo a ver, Desde pequeño yo te vengo a alentar, Daría la vida por un campeonato, Una vuelta más...",,,,,FanChants,https://www.fanchants.com/es/football-songs/club-santa-fe-chants/santa-fe-chant-2/,2026-09-01,2013,Copiado de texto público mediante extracción reproducible,53,requiere revisión: similitud,CAN0379,Sí,"Similitud alta conservada: CAN0379 (secuencia=0.943, vocabulario=0.927, longitud=1.000)"
CAN0432,CLU014,Independiente Santa Fe,Soy Hincha,"Del León del León yo soy hincha del León,
Del León del León yo soy hincha del León,
Hay una banda que va a todos lados,
Siempre es una banda, 
Volvimos a verte,
Juntos,
Yo soy del expreso,
Porque yo lo amo...",,,,,FanChants,https://www.fanchants.com/es/football-songs/club-santa-fe-chants/im-a-fan/,2026-09-01,2017,Copiado de texto público mediante extracción reproducible,42,aceptado,,No,
CAN0433,CLU014,Independiente Santa Fe,Todo los Domingos Llega al Nemesio,"Todos los domingos llega al Nemesio, El primer campeón, la fuerza de un pueblo, Y en la lateral se escucha el aliento, Ya llegó la banda, vamos el Expreso, Nadie se imagina lo que yo siento, Más que una pasión es un sentimiento, Nadie se imagina porque al Expreso, Lo sigo alentando, es amor eterno, Esta es toda la banda del primer campeón, Va descontrolada, Vamos, que toda esta gente siempre está alentando, Rojo vaya al frente, Y sólo le pido a Dios, Que haga que el Expreso sea otra vez primero, Para salir campeón…",,,,,FanChants,https://www.fanchants.com/es/football-songs/club-santa-fe-chants/santa-fe-chant-1/,2026-09-01,2013,Copiado de texto público mediante extracción reproducible,95,requiere revisión: similitud,CAN0394,Sí,"Similitud alta conservada: CAN0394 (secuencia=0.979, vocabulario=0.984, longitud=1.000)"
CAN0434,CLU014,Independiente Santa Fe,Vamos a Ganar,"Vamos vamo equipo,
Vamo equipo,
Vamo a ganar,
Somos la fuerza de un pueblo,
Somos el alma de Bogotá..
(Repeated...)",,,,,FanChants,https://www.fanchants.com/es/football-songs/club-santa-fe-chants/were-going-to-win-2/,2026-09-01,2018,Copiado de texto público mediante extracción reproducible,20,aceptado,,No,
CAN0435,CLU014,Independiente Santa Fe,Y a Vos Te Sigo,"Con la banda vamos a ir a todos lados oooohh,
Preparate hijo de p*ta provinciano oooohh,
Albirrojo siempre voy a estar contigo,
Soy de la banda,
Y a vos te sigo,
De la cabeza,
Tomando vino...
(Se repite...)",,,,,FanChants,https://www.fanchants.com/es/football-songs/club-santa-fe-chants/woah-4/,2026-09-01,2013,Copiado de texto público mediante extracción reproducible,38,aceptado,,No,
CAN0436,CLU014,Independiente Santa Fe,¡Vamos Albirrojo!,"¡Vamos albirrojo! ¡Vamos albirrojo, vamos albirojo, vamos albirrojo! ¡Vamos albirrojo! Nadie comprende que este amor se sienta asi, Que venga a verte, Y aunque me muera de dolor yo estoy con vos, Hasta la muerte, Ser albirrojo es un honor una pasión, Un sentimiento, Desde pequeño yo me enamoré de vos, Por eso vengo, ¡Vamos León! ¡Vamos, vamos, vamos, vamos León! ¡Vamos, vamos, vamos, vamos León! ¡Vamos, vamos el León de mi corazón!...",,,,,FanChants,https://www.fanchants.com/es/football-songs/club-santa-fe-chants/come-on-come-on-15/,2026-09-01,,Copiado de texto público mediante extracción reproducible,73,requiere revisión: similitud,CAN0377,Sí,"Similitud alta conservada: CAN0377 (secuencia=0.993, vocabulario=0.978, longitud=0.986)"
CAN0437,CLU014,Independiente Santa Fe,¡Vamos León!,"¡Vamos León! ¡Vamos, vamos, vamos León! ¡Vamos, vamos, vamos León! ¡Locura de mi corazón!... (Se repite...)",,,,,FanChants,https://www.fanchants.com/es/football-songs/club-santa-fe-chants/come-on-come-on-come-on-4/,2026-09-01,2013,Copiado de texto público mediante extracción reproducible,16,aceptado,,No,
CAN0438,CLU014,Independiente Santa Fe,¡Vamos los Leones!,¡Los leones! ¡Y vamos Los Leones! ¡Y vamos Los Leones! ¡Y vamos Los Leones!... (Se repite...),,,,,FanChants,https://www.fanchants.com/es/football-songs/club-santa-fe-chants/come-on-los-leones/,2026-09-01,2017,Copiado de texto público mediante extracción reproducible,16,aceptado,,No,
CAN0439,CLU014,Independiente Santa Fe,"¡Vamos Rojo, Vamos!","¡Vamos Rojo, vamos!
Ustedes pongan huevos que ganamos,
Vamos a traer la copa a la vitrina,
Esa que se robaron las Gallinas (¡Hijos de p*ta!)
¡Vamos Rojo, vamos!
Ustedes pongan huevos que ganamos,
Vamos a dar la vuelta todos juntos,
Hay que poner un poco más de huevos (más de huevos)...",,,,,FanChants,https://www.fanchants.com/es/football-songs/club-santa-fe-chants/come-on-56/,2026-09-01,2013,Copiado de texto público mediante extracción reproducible,51,requiere revisión: similitud,CAN0408,Sí,"Similitud alta conservada: CAN0408 (secuencia=0.971, vocabulario=0.903, longitud=0.981)"
CAN0440,CLU015,La Equidad,Dale ve (Dale Equidad),"Dale dale dale dale ve
Dale dale dale dale ve
Daleeeeeeeeeee ¡EQUIDAD!
Dale dale dale dale ve
Dale dale dale dale ve
Daleeeeeeeeeee ¡EQUIDAD!
Dale dale dale dale ve
Dale dale dale dale ve
Daleeeeeeeeeee ¡EQUIDAD!
Dale dale dale dale ve
Dale dale dale dale ve
Daleeeeeeeeeee ¡EQUIDAD!",,,,,Barrabrava.net,https://barrabrava.net/la-equidad/distrito-asegurador/letra/dale-ve-dale-equidad/,2026-09-01,,Copiado de texto público mediante extracción reproducible,48,aceptado,,No,
CAN0441,CLU015,La Equidad,Equi mi buen amigo,"¡Equi mi buen amigo!
¡Esta campaña volveremo' a estar contigo!
¡Te alentaremos de corazón!
¡Es el Distrito que te quiere ver campeón!
¡No me importa lo que digan!
¡Lo que digan los demás!
¡Yo te sigo a todas partes!
¡Cada vez te quiero más!
¡Equi mi buen amigo!
¡Esta campaña volveremo' a estar contigo!
¡Te alentaremos de corazón!
¡Es el Distrito que te quiere ver campeón!
¡No me importa lo que digan!
¡Lo que digan los demás!
¡Yo te sigo a todas partes!
¡Cada vez te quiero más!
¡Equi mi buen amigo!
¡Esta campaña volveremo' a estar contigo!
¡Te alentaremos de corazón!
¡Es el Distrito que te quiere ver campeón!
¡No me importa lo que digan!
¡Lo que digan los demás!
¡Yo te sigo a todas partes!
¡Cada vez te quiero más!
¡Equi mi buen amigo!
¡Esta campaña volveremo' a estar contigo!
¡Te alentaremos de corazón!
¡Es el Distrito que te quiere ver campeón!
¡No me importa lo que digan!
¡Lo que digan los demás!
¡Yo te sigo a todas partes!
¡Cada vez te quiero más!",,,,,Barrabrava.net,https://barrabrava.net/la-equidad/distrito-asegurador/letra/equi-mi-buen-amigo/,2026-09-01,,Copiado de texto público mediante extracción reproducible,176,aceptado,,No,
CAN0442,CLU015,La Equidad,Hoy te venimo' a alentar para alentar,"Vamos Vamos Equidad
Hoy te venimo' a alentar
Para ser campeón
Solo hay que ganar
Vamos Vamos Equidad
Hoy te venimo' a alentar
Para ser campeón
Solo hay que ganar
Vamos Vamos Equidad
Hoy te venimo' a alentar
Para ser campeón
Solo hay que ganar
Vamos Vamos Equidad
Hoy te venimo' a alentar
Para ser campeón
Solo hay que ganar",,,,,Barrabrava.net,https://barrabrava.net/la-equidad/distrito-asegurador/letra/hoy-te-venimo-a-alentar-para-alentar/,2026-09-01,,Copiado de texto público mediante extracción reproducible,60,aceptado,,No,
CAN0443,CLU015,La Equidad,La banda de Equidad ya llegó,"La banda de Equidad ya llegó
La que te alienta de corazón
Siguen pasando los años
Seguimos estando a tu lado
Vamo' Equidad...
Vamo' a ganar...
Asegurador...
La banda de Equidad ya llegó
La que te alienta de corazón
Siguen pasando los años
Seguimos estando a tu lado
Vamo' Equidad...
Vamo' a ganar...
Asegurador...
La banda de Equidad ya llegó
La que te alienta de corazón
Siguen pasando los años
Seguimos estando a tu lado
Vamo' Equidad...
Vamo' a ganar...
Asegurador...
La banda de Equidad ya llegó
La que te alienta de corazón
Siguen pasando los años
Seguimos estando a tu lado
Vamo' Equidad...
Vamo' a ganar...
Asegurador...",,,,,Barrabrava.net,https://barrabrava.net/la-equidad/distrito-asegurador/letra/la-banda-de-equidad-ya-llego/,2026-09-01,,Copiado de texto público mediante extracción reproducible,108,aceptado,,No,
CAN0444,CLU015,La Equidad,La gente pregunta,"La gente pregunta que es lo que siento cuando vengo a verte
no tengo palabras es inexplicable decir, que se siente
que es lo más bonito que ha existido en mí
y es que La Equidad me hace tan feliz
que no me arrepiento de este sentimiento que siento por ti
La gente pregunta que es lo que siento cuando vengo a verte
no tengo palabras es inexplicable decir, que se siente
que es lo más bonito que ha existido en mí
y es que La Equidad me hace tan feliz
que no me arrepiento de este sentimiento que siento por ti
La gente pregunta que es lo que siento cuando vengo a verte
no tengo palabras es inexplicable decir, que se siente
que es lo más bonito que ha existido en mí
y es que La Equidad me hace tan feliz
que no me arrepiento de este sentimiento que siento por ti
La gente pregunta que es lo que siento cuando vengo a verte
no tengo palabras es inexplicable decir, que se siente
que es lo más bonito que ha existido en mí
y es que La Equidad me hace tan feliz
que no me arrepiento de este sentimiento que siento por ti",,,,,Barrabrava.net,https://barrabrava.net/la-equidad/distrito-asegurador/letra/la-gente-pregunta/,2026-09-01,,Copiado de texto público mediante extracción reproducible,204,aceptado,,No,
CAN0445,CLU015,La Equidad,Llegan los muchachos de Equidad,"Llegan los muchachos de Equidad
Llegoooooooo la hinchada
Es el Distrito que no para de alentar
Vamos Equi, Vamos a ganar
Llegan los muchachos de Equidad
Llegoooooooo la hinchada
Es el Distrito que no para de alentar
Vamos Equi, Vamos a ganar
Llegan los muchachos de Equidad
Llegoooooooo la hinchada
Es el Distrito que no para de alentar
Vamos Equi, Vamos a ganar
Llegan los muchachos de Equidad
Llegoooooooo la hinchada
Es el Distrito que no para de alentar
Vamos Equi, Vamos a ganar",,,,,Barrabrava.net,https://barrabrava.net/la-equidad/distrito-asegurador/letra/llegan-los-muchachos-de-equidad/,2026-09-01,,Copiado de texto público mediante extracción reproducible,84,aceptado,,No,
CAN0446,CLU015,La Equidad,Movete Equidad movete,"Movete Equidad movete
Movete deja de joder
Que esta hinchada está loca
Y hoy no podemos poder
Movete Equidad movete
Movete deja de joder
Que esta hinchada está loca
Y hoy no podemos poder
Movete Equidad movete
Movete deja de joder
Que esta hinchada está loca
Y hoy no podemos poder
Movete Equidad movete
Movete deja de joder
Que esta hinchada está loca
Y hoy no podemos poder",,,,,Barrabrava.net,https://barrabrava.net/la-equidad/distrito-asegurador/letra/movete-equidad-movete/,2026-09-01,,Copiado de texto público mediante extracción reproducible,68,aceptado,,No,
CAN0447,CLU015,La Equidad,Ohhhhh vamos Equidad,"Ohhhhh vamos EQUIDAAAAAD
Vamos Equidad
Vamos Equidad
Vamos Equidad
Ohhhhh vamos EQUIDAAAAAD
Vamos Equidad
Vamos Equidad
Vamos Equidad
Ohhhhh vamos EQUIDAAAAAD
Vamos Equidad
Vamos Equidad
Vamos Equidad
Ohhhhh vamos EQUIDAAAAAD
Vamos Equidad
Vamos Equidad
Vamos Equidad",,,,,Barrabrava.net,https://barrabrava.net/la-equidad/distrito-asegurador/letra/ohhhhh-vamos-equidad/,2026-09-01,,Copiado de texto público mediante extracción reproducible,36,aceptado,,No,
CAN0448,CLU015,La Equidad,"Pasan los años, Pasan los jugadores","Pasan los años, Pasan los jugadores
Yo te sigo alentando sin ser campeones
Vayas a donde vayas iré contigo
¡Equidad Querido!
Pasan los años, Pasan los jugadores
Yo te sigo alentando sin ser campeones
Vayas a donde vayas iré contigo
¡Equidad Querido!
Pasan los años, Pasan los jugadores
Yo te sigo alentando sin ser campeones
Vayas a donde vayas iré contigo
¡Equidad Querido!
Pasan los años, Pasan los jugadores
Yo te sigo alentando sin ser campeones
Vayas a donde vayas iré contigo
¡Equidad Querido!",,,,,Barrabrava.net,https://barrabrava.net/la-equidad/distrito-asegurador/letra/pasan-los-anos-pasan-los-jugadores/,2026-09-01,,Copiado de texto público mediante extracción reproducible,84,aceptado,,No,
CAN0449,CLU015,La Equidad,Pongan huevos Equidad,"Pongan huevos, huevos Equidad
Pongan huevos, huevos de verdad
Que esta tarde/noche, cueste lo que cueste
ESTA TARDE/NOCHE TENEMOS QUE GANAR
Pongan huevos, huevos Equidad
Pongan huevos, huevos de verdad
Que esta tarde/noche, cueste lo que cueste
ESTA TARDE/NOCHE TENEMOS QUE GANAR
Pongan huevos, huevos Equidad
Pongan huevos, huevos de verdad
Que esta tarde/noche, cueste lo que cueste
ESTA TARDE/NOCHE TENEMOS QUE GANAR
Pongan huevos, huevos Equidad
Pongan huevos, huevos de verdad
Que esta tarde/noche, cueste lo que cueste
ESTA TARDE/NOCHE TENEMOS QUE GANAR",,,,,Barrabrava.net,https://barrabrava.net/la-equidad/distrito-asegurador/letra/pongan-huevos-equidad/,2026-09-01,,Copiado de texto público mediante extracción reproducible,92,aceptado,,No,
CAN0450,CLU015,La Equidad,Queremos la Copa,"Y vamos Equidad
Queremos la Copaaa
Distrito está loco quiere un campeonato para festjar
Yo te vengo a alentar como todos los añooos
Pongan huevo Equidad, que hoy ganamos
Y vamos Equidad
Queremos la Copaaa
Distrito está loco quiere un campeonato para festjar
Yo te vengo a alentar como todos los añooos
Pongan huevo Equidad, que hoy ganamos
Y vamos Equidad
Queremos la Copaaa
Distrito está loco quiere un campeonato para festjar
Yo te vengo a alentar como todos los añooos
Pongan huevo Equidad, que hoy ganamos
Y vamos Equidad
Queremos la Copaaa
Distrito está loco quiere un campeonato para festjar
Yo te vengo a alentar como todos los añooos
Pongan huevo Equidad, que hoy ganamos",,,,,Barrabrava.net,https://barrabrava.net/la-equidad/distrito-asegurador/letra/queremos-la-copa/,2026-09-01,,Copiado de texto público mediante extracción reproducible,116,aceptado,,No,
CAN0451,CLU015,La Equidad,Señores yo soy del verde de la locura,"Señores yo soy del verde de la locura
Que vamo' a salir campeones no tengo duda
Con un poco más de huevos, la vuelta vamos a dar,
Y todos de la cabeza vamos a festejar ¡DALE DALE VE!
Señores yo soy del verde de la locura
Que vamo' a salir campeones no tengo duda
Con un poco más de huevos, la vuelta vamos a dar,
Y todos de la cabeza vamos a festejar ¡DALE DALE VE!
Señores yo soy del verde de la locura
Que vamo' a salir campeones no tengo duda
Con un poco más de huevos, la vuelta vamos a dar,
Y todos de la cabeza vamos a festejar ¡DALE DALE VE!
Señores yo soy del verde de la locura
Que vamo' a salir campeones no tengo duda
Con un poco más de huevos, la vuelta vamos a dar,
Y todos de la cabeza vamos a festejar ¡DALE DALE VE!",,,,,Barrabrava.net,https://barrabrava.net/la-equidad/distrito-asegurador/letra/senores-yo-soy-del-verde-de-la-locura/,2026-09-01,,Copiado de texto público mediante extracción reproducible,152,aceptado,,No,
CAN0452,CLU015,La Equidad,Vamo' Vamo' Equidad,"Vamo' Vamo' Equidad
Vamo' Vamo' a ganar
Una vez más, te venimos a alentar
Vamo' Vamo' Equidad
Vamo' Vamo' a ganar
Una vez más, te venimos a alentar
Vamo' Vamo' Equidad
Vamo' Vamo' a ganar
Una vez más, te venimos a alentar
Vamo' Vamo' Equidad
Vamo' Vamo' a ganar
Una vez más, te venimos a alentar",,,,,Barrabrava.net,https://barrabrava.net/la-equidad/distrito-asegurador/letra/vamo-vamo-equidad/,2026-09-01,,Copiado de texto público mediante extracción reproducible,56,aceptado,,No,
CAN0453,CLU015,La Equidad,Ya vas a ver una banda,"Ya vas a ver una banda, que es la más loca de todas
Que sigue siempre al equipo, yo quiero ganar la copa
Para salir campeones, hay que poner más (brazos al frente) HUEVOS (brazos al frente) HUEVOS
Sudar la camiseta, quiero salir primero, QUIERO SALIR PRIMERO
Ya vas a ver una banda, que es la más loca de todas
Que sigue siempre al equipo, yo quiero ganar la copa
Para salir campeones, hay que poner más (brazos al frente) HUEVOS (brazos al frente) HUEVOS
Sudar la camiseta, quiero salir primero, QUIERO SALIR PRIMERO
Ya vas a ver una banda, que es la más loca de todas
Que sigue siempre al equipo, yo quiero ganar la copa
Para salir campeones, hay que poner más (brazos al frente) HUEVOS (brazos al frente) HUEVOS
Sudar la camiseta, quiero salir primero, QUIERO SALIR PRIMERO
Ya vas a ver una banda, que es la más loca de todas
Que sigue siempre al equipo, yo quiero ganar la copa
Para salir campeones, hay que poner más (brazos al frente) HUEVOS (brazos al frente) HUEVOS
Sudar la camiseta, quiero salir primero, QUIERO SALIR PRIMERO",,,,,Barrabrava.net,https://barrabrava.net/la-equidad/distrito-asegurador/letra/ya-vas-a-ver-una-banda/,2026-09-01,,Copiado de texto público mediante extracción reproducible,188,aceptado,,No,
CAN0454,CLU015,La Equidad,Yo te vengo a ver (Lambada),"Yo te vengo a ver, de pequeño a donde vos jugues
Re borracho voy, siempre con los trapos y el alcohol
Vamos a volver, de nuevo a la final, y la vuelta al de Techo vamo' a dar
La banda del DISTRITO siempre te va a alentar
¡En la buena y en la mala mucho más!
Yo te vengo a ver, de pequeño a donde vos jugues
Re borracho voy, siempre con los trapos y el alcohol
Vamos a volver, de nuevo a la final, y la vuelta al de Techo vamo' a dar
La banda del DISTRITO siempre te va a alentar
¡En la buena y en la mala mucho más!
Yo te vengo a ver, de pequeño a donde vos jugues
Re borracho voy, siempre con los trapos y el alcohol
Vamos a volver, de nuevo a la final, y la vuelta al de Techo vamo' a dar
La banda del DISTRITO siempre te va a alentar
¡En la buena y en la mala mucho más!
Yo te vengo a ver, de pequeño a donde vos jugues
Re borracho voy, siempre con los trapos y el alcohol
Vamos a volver, de nuevo a la final, y la vuelta al de Techo vamo' a dar
La banda del DISTRITO siempre te va a alentar
¡En la buena y en la mala mucho más!",,,,,Barrabrava.net,https://barrabrava.net/la-equidad/distrito-asegurador/letra/yo-te-vengo-a-ver-lambada/,2026-09-01,,Copiado de texto público mediante extracción reproducible,224,aceptado,,No,
CAN0455,CLU016,Jaguares de Córdoba,Dame Una Alegría,"Jaguares, Jaguares de mi vida
Dame una alegría, quiero ser campeón
Jaguares, todo lo que siento
Lo que llevo adentro
De mi corazón",,,,,Barrabrava.net,https://barrabrava.net/jaguares-de-cordoba/los-de-siempre/letra/dame-una-alegria/,2026-09-01,,Copiado de texto público mediante extracción reproducible,23,aceptado,,No,
CAN0456,CLU016,Jaguares de Córdoba,Del Equipo Felino Yo Soy,"Del equipo felino yo soy
Por eso a todos lados voy
Te sigo por toda Colombia
Te aliento con el corazón
Nunca voy a abandonarte
Celeste tú eres mi pasión
La banda quiere dar la vuelta
Quiere ser campeón",,,,,Barrabrava.net,https://barrabrava.net/jaguares-de-cordoba/los-de-siempre/letra/del-equipo-felino-yo-soy/,2026-09-01,,Copiado de texto público mediante extracción reproducible,39,aceptado,,No,
CAN0457,CLU016,Jaguares de Córdoba,En La Perla Del Sinú,"Vamos Jaguares, queremos la camiseta
Vamos Jaguares, queremos darlo vuelta
En la Perla del Sinú hay una banda loca y descontrolada
Es la Barra Los de Siempre la que corre a todas las demás hinchadas",,,,,Barrabrava.net,https://barrabrava.net/jaguares-de-cordoba/los-de-siempre/letra/en-la-perla-del-sinu/,2026-09-01,,Copiado de texto público mediante extracción reproducible,35,aceptado,,No,
CAN0458,CLU016,Jaguares de Córdoba,Hay Que Poner Más Huevos,"Ya vas a ver una barra
Que es la más firme de todas
Que sigue siempre a Jaguares
Yo quiero ganar la copa
Para salir campeones
Hay que poner más huevos, huevos
Sudar la camiseta
Quiero salir primero, primero",,,,,Barrabrava.net,https://barrabrava.net/jaguares-de-cordoba/los-de-siempre/letra/hay-que-poner-mas-huevos/,2026-09-01,,Copiado de texto público mediante extracción reproducible,39,aceptado,,No,
CAN0459,CLU016,Jaguares de Córdoba,Vamos Jaguares,"Vamos vamos Jaguares
Hoy te venimos a alentar
Para ser campeón
Hoy hay que ganar",,,,,Barrabrava.net,https://barrabrava.net/jaguares-de-cordoba/los-de-siempre/letra/vamos-jaguares/,2026-09-01,,Copiado de texto público mediante extracción reproducible,15,aceptado,,No,
CAN0460,CLU017,Junior de Barranquilla,Al tiburon yo lo sigo donde juegue yo lo quiero de verdad,"Al tiburon yo lo sigo donde juegue yo lo quiero de verdad.
Tomando el metro, la murillo, la ocho, cuatro, ni mi viejo va a faltar.
Lloran comandos, los samarios y los sureños porque los corrimo ayer.
y dale ooooo dale oooo dale oooooo dale dale dale Junior
y dale oooooo dale ooooo daleee oooooo dale dale dale ooooo.",,,,,Barrabrava.net,https://barrabrava.net/junior-de-barranquilla/frente-rojiblanco-sur/letra/al-tiburon-yo-lo-sigo-donde-juegue-yo-lo-quiero-de-verdad/,2026-09-01,,Copiado de texto público mediante extracción reproducible,59,aceptado,,No,
CAN0461,CLU017,Junior de Barranquilla,Barranquilla es Carnaval,"Vamos vamos tiburón
Yo te quiero ver campeón
Yo te sigo donde vas
Tu eres mi felicidad
Barranquilla es carnaval
Tambien es tierra de paz
Ademas de rió y mar ... y Junior es tu papá",,,,,Barrabrava.net,https://barrabrava.net/junior-de-barranquilla/la-banda-de-los-kuervos/letra/barranquilla-es-carnaval/,2026-09-01,,Copiado de texto público mediante extracción reproducible,35,aceptado,,No,
CAN0462,CLU017,Junior de Barranquilla,Carnaval Fiesta y delirio,"Carnaval fiesta y delirio
Locura desenfrenada
Como todos los domingos siempre voy tomando vino y alentar al tiburón
En las buenas y en las malas
Siempre me das alegria
Ya no me importa mas nada te adueñaste de mi vida y todo mi corazón
Pobre union cuantos años han pasado
Y a primera nunca mas vas a volver
culo sungo siempre vas a ser amargo
de la B, de la B de la B",,,,,Barrabrava.net,https://barrabrava.net/junior-de-barranquilla/la-banda-de-los-kuervos/letra/carnaval-fiesta-y-delirio/,2026-09-01,,Copiado de texto público mediante extracción reproducible,74,aceptado,,No,
CAN0463,CLU017,Junior de Barranquilla,De niño sigo al tiburón,"De niño sigo al TIBURÓN, tú me hiciste feliz, y en Medallo saliste campeón. Dejen el corazón, les pido jugadoooores, quiero verte campeóóón de la Libertadores. Quiero ir a Japón, vestido 'e marimonda, no me quiero morirrr sin ganar esa cooopa (bis)",,,,,Barrabrava.net,https://barrabrava.net/junior-de-barranquilla/frente-rojiblanco-sur/letra/de-nino-sigo-al-tiburon/,2026-09-01,,Copiado de texto público mediante extracción reproducible,42,aceptado,,No,
CAN0464,CLU017,Junior de Barranquilla,Desde chiquito yo te vengo a ver aun me sigue la policía,"vamos mi junior hay que poner mas huevo
quiero la vuelta y que delire el metro entero
desde chiquito yo te vengo a ver aun me sigue la policía
no se hasta cuando me van a joder
no se dan cuenta que tu eres mi vida",,,,,Barrabrava.net,https://barrabrava.net/junior-de-barranquilla/frente-rojiblanco-sur/letra/desde-chiquito-yo-te-vengo-a-ver-aun-me-sigue-la-policia/,2026-09-01,,Copiado de texto público mediante extracción reproducible,46,aceptado,,No,
CAN0465,CLU017,Junior de Barranquilla,El carnaval del Kuervo,"Todo el mundo sabe que estamos enfermos,
Nos miran y disfrutan del carnaval del Kuervo
Llegaron todos los bombos y todas la banderas
Prendemos bengalas aunque muchos no quieran
del junior yo me hice desde la cuna,
Siguiendo al rojiblanco camino a la locura
No compro los trapos, yo los se robar, el rojo es amargo por descender y llevan en el culo la marca de la",,,,,Barrabrava.net,https://barrabrava.net/junior-de-barranquilla/la-banda-de-los-kuervos/letra/el-carnaval-del-kuervo/,2026-09-01,,Copiado de texto público mediante extracción reproducible,67,requiere revisión: similitud,CAN0482,Sí,"Similitud alta conservada: CAN0482 (secuencia=0.922, vocabulario=0.914, longitud=0.905)"
CAN0466,CLU017,Junior de Barranquilla,Es La Primera Barra,"Es la primera barra...
La que viene por el sentimiento.....
La del 98...
la que Ha estado en los malos momentos ......
Que digan lo que digan...
en las malas estamos en las buenas....
Esos putos esclavos..
la cancha nunca tienen llena...
El orgullo de ser hincha rojiblanco oooh ohhh ....
Es llevar el carnaval a todos lados ohhh oohh. ....
Donde juegues te prometo estar contigo....
Nunca fallarte...
Y acompañarte....
Yo a ti te sigo..
A todas partes......",,,,,Barrabrava.net,https://barrabrava.net/junior-de-barranquilla/frente-rojiblanco-sur/letra/es-la-primera-barra/,2026-09-01,,Copiado de texto público mediante extracción reproducible,76,aceptado,,No,
CAN0467,CLU017,Junior de Barranquilla,Es un problema de difícil solución,"Es un problema de difícil solución
porque eres junior mi pasión en esta vida
es el equipo que yo siempre amare
así le guste o no le guste a mi familia
o junior siempre te voy alentar
voy a seguirte a todas partes donde vayas
mi espíritu rebelde ahí estará
alentando como siempre al campeón
y muchas gracias tiburón
gracias por este campeonato
la sur te canta de corazón
no olvidaremos lo que hicieron en medallo
porque yo nací del tiburón
lo quiero ver campeón
dar la vuelta otra vez
quiero ganar esa copa libertadores
y demostrarle porque somos los mejores
porque yo te quiero de verdad
te sigo a donde vas
y a donde quieras ir
el sentimiento no se compra ni se vende
nací de junior lo seré hasta la muerte (bis)x3",,,,,Barrabrava.net,https://barrabrava.net/junior-de-barranquilla/frente-rojiblanco-sur/letra/es-un-problema-de-dificil-solucion/,2026-09-01,,Copiado de texto público mediante extracción reproducible,135,aceptado,,No,
CAN0468,CLU017,Junior de Barranquilla,Ganar la libertadores,"Una libertadores es lo que imagino
Para llegar siempre con la bandera y tomando vino
Quiero venir a alentarte todos los domingos
A donde vayas, siempre voy a estar
De visitante también de local
Todos nuestros hijos se pondrán a llorar
Ohhhhh, otra vez campeón, van a ver a papá
Los Kuervos todos de la cabeza alentando en el metro
La banda preparando la fiesta para ver al campeón
Al fin va a decir la verdad lo que dice el Heraldo
Que la banda más loca de todas es la de los Kuervos",,,,,Barrabrava.net,https://barrabrava.net/junior-de-barranquilla/la-banda-de-los-kuervos/letra/ganar-la-libertadores/,2026-09-01,,Copiado de texto público mediante extracción reproducible,93,aceptado,,No,
CAN0469,CLU017,Junior de Barranquilla,"Juega el Rojiblanco, lo venimo a ver","Juega el Rojiblanco, lo venimo a ver
Dejando en la tribuna la voz y la piel
Junior la locura que me hace feliz
Te juro que por siempre te voy a seguir
Fui campeón y la vuelta yo di
En las canchas de todo el país
Somos fiesta, somos carnaval
Quiero ser campeón continental
Y vamo, vamo, vamos tiburón
La Policía no entiende esta pasión
Que llevamos en el corazón
La cancha nueva de nada sirvió
Ya te fuiste al descenso por cagón
Dónde estás, dónde estás, pobre Unión.",,,,,Barrabrava.net,https://barrabrava.net/junior-de-barranquilla/la-banda-de-los-kuervos/letra/juega-el-rojiblanco-lo-venimo-a-ver/,2026-09-01,,Copiado de texto público mediante extracción reproducible,89,aceptado,,No,
CAN0470,CLU017,Junior de Barranquilla,Junior manda de verdad,"Al tiburón, Junior de Barranquilla
Lo llevo en el corazón...
Es la razón, la locura en mi vida
Más que una simple pasión...
Yo a ti te pienso cada día de la semana
Quiero volver al metro siempre en caravana
Porque no hay droga que a mí me pegue más fuerte
Que sentir tus colores, defenferlos a muerte!
Que sepan todos, Junior manda de verdad
Es el orgullo, la alegría de la ciudad
Poniendo huevos, la hinchada y los jugadores
Alzamos juntos la Copa Libertadores
Y si las malas vuelven no me importa ya
El sentimiento se hizo grande de verdad
Todos de fiesta el centenario viviremos
También la gente que te alienta desde el cielo.
Mi historia entre tus dedos - Gianluca Grignani. La Banda de los Kuervos - Los Dueños de la Fiesta.",,,,,Barrabrava.net,https://barrabrava.net/junior-de-barranquilla/la-banda-de-los-kuervos/letra/junior-manda-de-verdad/,2026-09-01,,Copiado de texto público mediante extracción reproducible,133,aceptado,,No,
CAN0471,CLU017,Junior de Barranquilla,Junior nunca se vendió,"En el metropolitano siempre ahi fiesta y descontrol
Si yo traje el futbol en la costa empezo
Venir a la cancha esa es la tradicion
Verde hijo de puta con pablo no ahi duda saliste campeon
JUNIOR NUNCA SE VENDIO
Vamo vamo rojiblanco...
La banda sigue alentando...
Siempre en los malos momentos la gente no abandono
Aunque ganes aunque pierdas...
Eso me importa una mierda...",,,,,Barrabrava.net,https://barrabrava.net/junior-de-barranquilla/la-banda-de-los-kuervos/letra/junior-nunca-se-vendio/,2026-09-01,,Copiado de texto público mediante extracción reproducible,65,aceptado,,No,
CAN0472,CLU017,Junior de Barranquilla,La avalancha,"Los domingos después de almorzar
Todos nos vamos para la cancha
Llenamos la popular
Y nos mandamos en avalancha
Cuando te veo aparecer
Toda la hinchada se vuelve loca
Vamo' a cantar, vamo' a saltar
Vamo' a ganar la copa
No somos putas como los de millos
Ni gonorreas como nacional
Yo soy de JUNIOR alegre y divertido
Y vamos a matar al rojo malparido.",,,,,Barrabrava.net,https://barrabrava.net/junior-de-barranquilla/frente-rojiblanco-sur/letra/la-avalancha/,2026-09-01,,Copiado de texto público mediante extracción reproducible,65,aceptado,,No,
CAN0473,CLU017,Junior de Barranquilla,La SUR nunca muere,"Todo aquel que piense que el FRENTE se va a acabar, tiene que saber que no es así que el Frente es una locura y siempre alienta. Todo aquel que piense que ha venido a criticar, tiene que saber que soy así, que yo soy un Barra Brava, y siempre aliento. ¡Aaaah!, hay que alentar, que la SUR es un carnaval, con aguante, bandera y trapos, ¡Ooohoooh aaaah!, hay que alentar, que la SUR es un carnaval, con aguante, bandera y trapos (bis).",,,,,Barrabrava.net,https://barrabrava.net/junior-de-barranquilla/frente-rojiblanco-sur/letra/la-sur-nunca-muere/,2026-09-01,,Copiado de texto público mediante extracción reproducible,83,aceptado,,No,
CAN0474,CLU017,Junior de Barranquilla,Mi trapo en todas las canchas,"Esta tarde estoy aaaquí porque yo muero por ti, en la SUR con las banderas me vuelvo loco 'e la cabeza, cuando llegan los domingos me da mucha alegría, porque sigues siendo JUNIOR, la locura de mi vida. Yo colgaré los trapos en toditas las canchas, para que seas local, para que seas locaaal, yo colgaré los trapos en toditas las canchas, para que seas local, para que seas locaaal (bis) “LA LEY DE SUR EN TODAS LAS CANCHAS”, “vamos, loco”.",,,,,Barrabrava.net,https://barrabrava.net/junior-de-barranquilla/frente-rojiblanco-sur/letra/mi-trapo-en-todas-las-canchas/,2026-09-01,,Copiado de texto público mediante extracción reproducible,81,aceptado,,No,
CAN0475,CLU017,Junior de Barranquilla,Orgullo de mi región,"Yo soy de la banda de Kuervos
La que alienta al tiburón
La que corre al cartagena
Y a los putos del ciclón
Junior es mi sentimiento mi pasión
El orgullo de mi región y de Colombia entera
La banda esta de fiesta
La banda esta de fiesta
Y quiere dar la vuelta",,,,,Barrabrava.net,https://barrabrava.net/junior-de-barranquilla/la-banda-de-los-kuervos/letra/orgullo-de-mi-region/,2026-09-01,,Copiado de texto público mediante extracción reproducible,53,aceptado,,No,
CAN0476,CLU017,Junior de Barranquilla,Porque este amor no tiene fin,"Vuelvo a venir, vuelvo a alentaaar; porque este amor no tiene finnn. En todas partes voy a estaaar, no me separaré de ti. Bajo la luna, bajo el soool, noches y tardes sigo al TIBURÓN, de visitante o de locaaal, verte desborda el corazóóón.
Y he vuelto aquí, hoy te vengo a ver, otra vez voy a alentarte no puedes perder, somos el Frente Rojiblanco, la Banda del Tiburón. ×2 (bis)",,,,,Barrabrava.net,https://barrabrava.net/junior-de-barranquilla/frente-rojiblanco-sur/letra/porque-este-amor-no-tiene-fin/,2026-09-01,,Copiado de texto público mediante extracción reproducible,71,aceptado,,No,Duplicado exacto también localizado en Barrabrava.net: https://barrabrava.net/junior-de-barranquilla/frente-rojiblanco-sur/letra/vuelvo-a-venir-vuelvo-a-alentar/
CAN0477,CLU017,Junior de Barranquilla,Preso por el Junior,"muchas veces fui preso y muchas veces por ti llore
al tiburón yo lo quiero lo llevo dentro del corazón
por eso le pido a todos lo que no entienden esta pasión
que esta banda esta loca dimos la vuelta gracias campeón
esta si es una hinchada la que te alienta de corazón
no como los comandos ni los sureños rojo cagón
vamos pongan mas huevo porque la vuelta tienes que dar
para tomar cerveza saltando siempre en la popular (bis)
Veni veni salta conmigo que aquí un amigo vas a encontrar y de la mano de los del frente todos la vuelta vamos a dar (bis)x4",,,,,Barrabrava.net,https://barrabrava.net/junior-de-barranquilla/frente-rojiblanco-sur/letra/preso-por-el-junior/,2026-09-01,,Copiado de texto público mediante extracción reproducible,108,aceptado,,No,
CAN0478,CLU017,Junior de Barranquilla,Saluden al Campeón,"Yo te imagino rojiblanco
Celebrando la libertadores
Siempre te sigo a todos lados
Vamos mi junior de mis amores
El día que la vuelta yo di
Me emborrache con todas las banderas
No paro de festejar
Somas la banda del carnaval
la alegría que yo sentí
que por tv los samarios lo vieron
yo les pido un favor
saluden todos al campeón",,,,,Barrabrava.net,https://barrabrava.net/junior-de-barranquilla/la-banda-de-los-kuervos/letra/saluden-al-campeon/,2026-09-01,,Copiado de texto público mediante extracción reproducible,62,aceptado,,No,
CAN0479,CLU017,Junior de Barranquilla,Señores yo Soy de junior nací en curramba,"Señores yo soy de junior nací en curramba
Orgullo de mi ciudad porque junior manda
Junior es un sentimiento, aguante de buen corazón
Daria toda la vida por ser campeón.
Vamos tiburón, Vamos tiburón, vamos tiburón",,,,,Barrabrava.net,https://barrabrava.net/junior-de-barranquilla/la-banda-de-los-kuervos/letra/senores-yo-soy-de-junior-naci-en-curramba/,2026-09-01,,Copiado de texto público mediante extracción reproducible,36,aceptado,,No,
CAN0480,CLU017,Junior de Barranquilla,Somos de la gloriosa banda del tiburón,"Somos de la gloriosa banda del tiburón
la que no tiene traba la que correal ciclón
y a pesar de los gases los palos recibidos
yo te siguo alentando
vamos júnior querido
vamos júnior querido",,,,,Barrabrava.net,https://barrabrava.net/junior-de-barranquilla/frente-rojiblanco-sur/letra/somos-de-la-gloriosa-banda-del-tiburon/,2026-09-01,,Copiado de texto público mediante extracción reproducible,35,aceptado,,No,
CAN0481,CLU017,Junior de Barranquilla,Somos el Frente Rojiblanco,"Soooomos el Frente Rojiblanco, pioneros del Barrismo en la ciudad, soooomos la Verdadera Hinchaaaada que nunca te abandonará. Dale, dale, TIBURÓN; pongan huevo y coraaaazón que esta Hinchada se merece ser campeón. En las buenas vamo' a estar, en las malas mucho más y en Aguante no nos podrán igualar (bis)",,,,,Barrabrava.net,https://barrabrava.net/junior-de-barranquilla/frente-rojiblanco-sur/letra/somos-el-frente-rojiblanco/,2026-09-01,,Copiado de texto público mediante extracción reproducible,51,aceptado,,No,
CAN0482,CLU017,Junior de Barranquilla,Todo el mundo sabe que estamos enfermos,"Todo el mundo sabe que estamos enfermos,
nos miran y disfrutan el carnaval del Kuervo,
llegaron todos los bombos y todas la banderas,
prendemos bengalas aunque muchos no quieran,
de junior yo me hice desde la cuna, siguiendo al rojiblanco camino a la locura...
no compro los trapos yo los se robar,
no jugué los lunes con Valledupar,
el rojo es amargo por descender, y llevan en el culo la marca de la B",,,,,Barrabrava.net,https://barrabrava.net/junior-de-barranquilla/la-banda-de-los-kuervos/letra/todo-el-mundo-sabe-que-estamos-enfermos/,2026-09-01,,Copiado de texto público mediante extracción reproducible,74,requiere revisión: similitud,CAN0465,Sí,"Similitud alta conservada: CAN0465 (secuencia=0.922, vocabulario=0.914, longitud=0.905)"
CAN0483,CLU017,Junior de Barranquilla,Vamos mi Junior querido,"Vamos papà... La banda hoy te vino a ver
Viene con toda la fiesta... Delira esta popular
Como olvidar... A los amigos que no están
Pongan mas huevos campeón... Por ellos tienes que ganar...
Vamos mi junior querido
Quiero verte primero
Somos la envidia del futbol
Y todos nos chupan los huevos
Rojiblanco yo te sigo
Quiero la vuelta en el metro
Aca en la cuna del futbol
El orgullo del pueblo costeño
Si el resultado no se nos da
De la cabeza te sigo igual
Porque tu eres mi felicidad
Como no voy a alentarte",,,,,Barrabrava.net,https://barrabrava.net/junior-de-barranquilla/la-banda-de-los-kuervos/letra/vamos-mi-junior-querido/,2026-09-01,,Copiado de texto público mediante extracción reproducible,96,aceptado,,No,
CAN0484,CLU017,Junior de Barranquilla,Y yo estoy aqui borracho y loco,"no te voy a dejar te voy a acompañar
soy barranquillero mi sangre es de la costa
adrento hay un volcan que pronto va a estallar
yo voy a estar contigo
es mi situacion aguante y descontrol
prendanme un bareto bareto bien bacano
la fiesta empezo y no va a terminar
ya nadie hace daño
y yo estoy aqui borracho y loco
y mi gran pasion explota hoy hay que ganar
y yo te amare te amare por siempre
junior deja todo en la cancha que los del frente te van a alentar (BIS)",,,,,Barrabrava.net,https://barrabrava.net/junior-de-barranquilla/frente-rojiblanco-sur/letra/y-yo-estoy-aqui-borracho-y-loco/,2026-09-01,,Copiado de texto público mediante extracción reproducible,94,aceptado,,No,
CAN0485,CLU017,Junior de Barranquilla,"Ya nos conocen, la más temida","Como esta hinchada re loca no hay ninguna
Sí, Junior manda en la calle y en la tribuna
No seguimos los partidos por la radio
La Norte es la voz de aliento en el estadio
Ya nos conocen, la más temida
Somos los Kuervos de Barranquilla
Vamos Junior
Pongan huevo Rojiblanco
Yo te quiero
Vamos Junior
Pongan huevo Rojiblanco
De mi corazón",,,,,Barrabrava.net,https://barrabrava.net/junior-de-barranquilla/la-banda-de-los-kuervos/letra/ya-nos-conocen-la-mas-temida/,2026-09-01,,Copiado de texto público mediante extracción reproducible,62,aceptado,,No,
CAN0486,CLU017,Junior de Barranquilla,Yo paro con una banda que está muy descontrolada,"Yo paro con una banda que está muy descontrolada
que sigue siempre al junior en las buenas y en las malas
no importa si caigo preso siempre a ti te seguiremos
el frente estará presente juegue o no acá en el metro
se lo dedicamos a unión papa y a toda la policía (X2)
CORO:
el equipo fue campeón Barranquilla festejó
te quedaste en la tribuna de amargura a reventar
date cuenta que en curramba no paramos de festeja'
le mostramos a toa' Colombia que el campeón es tu papá
soy tiburón festejo en grande
llora sureño que esta banda si es de aguante
yo soy así festejo en grande
que venga el rojo que aquí tenemos aguante (X2)
Para la hinchada amarga,
Para el puto ciclón
Suben y bajan, Suben y bajan,
Parecen ascensor (X3)
Dale alegría alegría a mi corazón
es eso lo que te pido al menos hoy
el campeonato local es mi obsesión
tendrás que dejar el alma y el corazón
yaaaaaaaaa verás
no somos como las putas de NACIONAL. (X2)
""Que comience la fiesta en la sur trapos y banderas""
Ole Ole Ole"" Ole ole ole ola
ole ole ole cada día te quiero más....
yoooooo soy del JUNIOR
es un sentimiento no puedo paraaaaarr. (X10)",,,,,Barrabrava.net,https://barrabrava.net/junior-de-barranquilla/frente-rojiblanco-sur/letra/yo-paro-con-una-banda-que-esta-muy-descontrolada/,2026-09-01,,Copiado de texto público mediante extracción reproducible,211,aceptado,,No,
CAN0487,CLU017,Junior de Barranquilla,Yo sé muy bien que pasaré la vida entera,"Yo sé muy bien que pasare la vida entera
Siempre alentando en el barrio Ciudadela
Siempre cantando vamos, vamos Tiburón
No compro trapos como el p*to del Barón
No te abandono porque yo no soy del Verde
Yo soy de Junior, lo seré hasta la muerte
No cabe duda que en la costa mando yo
Porque eres Junior, el orgullo de mi región
Vamos, vamos Tiburón
Vamos Tiburón, vamos Tiburón
Vamos, vamos Tiburón
Vamos Tiburón",,,,,Barrabrava.net,https://barrabrava.net/junior-de-barranquilla/la-banda-de-los-kuervos/letra/yo-se-muy-bien-que-pasare-la-vida-entera/,2026-09-01,,Copiado de texto público mediante extracción reproducible,75,aceptado,,No,
CAN0488,CLU017,Junior de Barranquilla,"¡Qué viva Junior!, tu papá","Mira con la fiesta viene, la temible Banda 'e JUNIOR, es el Frente Rojiblanco; el que siempre pone el descontrol. Pongan huevo, Tiburones, yo te quiero ver campeóóón y en el Metro delirando, desde niño sigo esta pasión. Yo sé que no son 90, yo sé que es toda la vidaaa y loco de la cabeza siempre te sigo a donde vayas. Tú eres lo que yo más amo, no me importa el resultado. Tú eres la alegría 'e la Costa, siempre al FRENTE, vamos Rojiblanco. Yo voy por toda Colombia, con los bombo' y las banderas, tú eres mi gran amor en todas las canchas y las carreteras... ¡Qué viva JUNIOR!, tu papá; ¡qué viva JUNIOR!, tu papá! (bis).",,,,,Barrabrava.net,https://barrabrava.net/junior-de-barranquilla/frente-rojiblanco-sur/letra/que-viva-junior-tu-papa/,2026-09-01,,Copiado de texto público mediante extracción reproducible,120,aceptado,,No,
CAN0489,CLU017,Junior de Barranquilla,¡Va a caer!,"Va a caeeer, va a caeeer, va a caeeer, va a caeeer; tendrás que salir campeón de este estadio, ¡uoooh, uoooh!, si todos ponemos huevo así lo logramos, ¡uoooh, uoooh! Este año estoy seguro, que la vuelta voy a daaar, yo sé que este campeonato aquí va a caer... (bis)",,,,,Barrabrava.net,https://barrabrava.net/junior-de-barranquilla/frente-rojiblanco-sur/letra/va-a-caer/,2026-09-01,,Copiado de texto público mediante extracción reproducible,50,aceptado,,No,
CAN0490,CLU017,Junior FC,Borracho y Loco,"Y yo estoy aquí, Borracho y loco, Y mi corazón explota, hoy hay que ganar, Y yo te amaré, te amaré por siempre, Junior deja todo en la cancha, Que los del Frente te van a alentar...",,,,,FanChants,https://www.fanchants.com/es/football-songs/junior-de-barranquilla-chants/borracho-y-loco/,2026-09-01,2012,Copiado de texto público mediante extracción reproducible,37,aceptado,,No,
CAN0491,CLU019,Millonarios,A millos yo lo voy a alentar,"A millos yo lo voy a alentar
Por ti todo lo voy a dejar
Siempre voy a todos lados
¡NO ME IMPORTA EL RESULTADO!
Yo te vengo a ver
¡FAMOSO BALLET!",,,,,Barrabrava.net,https://barrabrava.net/millonarios/comandos-azules/letra/a-millos-yo-lo-voy-a-alentar/,2026-09-01,,Copiado de texto público mediante extracción reproducible,31,aceptado,,No,
CAN0492,CLU019,Millonarios,Blue Rain te esta alentando,"cuando sales, a la cancha millonarios
la blue rain te esta alentando
millonarios de mi amor
que esta banda, viene siempre a alentarte
que te sigue a todas partes
vamos a salir campeón!
millonarios, millonarios...
pongan huevos para ser primeros
pongan guevos para ser campeón!",,,,,Barrabrava.net,https://barrabrava.net/millonarios/blue-rain/letra/blue-rain-te-esta-alentando/,2026-09-01,,Copiado de texto público mediante extracción reproducible,45,aceptado,,No,Duplicado exacto también localizado en Barrabrava.net: https://barrabrava.net/millonarios/blue-rain/letra/vamos-vamos-los-millos/
CAN0493,CLU019,Millonarios,Cada vez que Millos va a la cancha,"Cada vez que Millos va a la cancha
mi corazón late mucho más
porque es un Sentimiento que no es pasajero
y cada día que pasa yo te quiero más
Fumando marihuana te venimos a alentar
vamos ponga huevo y corazón
hay que salir campeón...",,,,,Barrabrava.net,https://barrabrava.net/millonarios/comandos-azules/letra/cada-vez-que-millos-va-a-la-cancha/,2026-09-01,,Copiado de texto público mediante extracción reproducible,45,aceptado,,No,
CAN0494,CLU019,Millonarios,Cada vez que te veo en la cancha,"Cada vez que te veo en la cancha, te aliento hasta morir
Vamos los Millonarios, es mi razón de vivir
Millos es lo mas grande, es sentimiento y pasión
Yo lo llevo en la sangre, te llevo en el corazón
¡¡QUIERO SER CAMPEÓN!!",,,,,Barrabrava.net,https://barrabrava.net/millonarios/blue-rain/letra/cada-vez-que-te-veo-en-la-cancha/,2026-09-01,,Copiado de texto público mediante extracción reproducible,43,aceptado,,No,Duplicado exacto también localizado en Barrabrava.net: https://barrabrava.net/millonarios/comandos-azules/letra/cada-vez-que-te-veo-en-la-cancha/
CAN0495,CLU019,Millonarios,Cara De Gitana,"Vamos millonarios
Vamos pongan huevos
Quiero ser campeon en el nemesio
Voy a todos lados
Voy descontrolado
Millonarios yo... A ti te amo...
Que paso con esos putos que decian
Que esta banda nunca más se juntaria
Demostramos una vez mas ser hermanos
Millonarios vamos por el campeonato",,,,,Barrabrava.net,https://barrabrava.net/millonarios/blue-rain/letra/cara-de-gitana/,2026-09-01,,Copiado de texto público mediante extracción reproducible,48,aceptado,,No,
CAN0496,CLU019,Millonarios,Comando soy y millos la alegria de mi corazon,"comando soy y millos la alegria de mi corazon
es mi vida, es una pasion
mas alla de toda explicacion
a mi no me interesa en ue cancha jugues
local o visitante yo te vengo a ver
ni la muerte nos va a separar
por que desde el cielo te voy a alentar",,,,,Barrabrava.net,https://barrabrava.net/millonarios/comandos-azules/letra/comando-soy-y-millos-la-alegria-de-mi-corazon/,2026-09-01,,Copiado de texto público mediante extracción reproducible,53,aceptado,,No,
CAN0497,CLU019,Millonarios,Con la locura y pasión,"con la locura y pasión dale embajador
queremos verte campeón dale embajador
la hinchada pide una estrella
ya queremos dar la vuelta
la vuelta vamos a dar
no para de alentar
la banda y los jugadores ya queremos festejar",,,,,Barrabrava.net,https://barrabrava.net/millonarios/comandos-azules/letra/con-la-locura-y-pasion/,2026-09-01,,Copiado de texto público mediante extracción reproducible,39,aceptado,,No,
CAN0498,CLU019,Millonarios,El Aguante Bogotano,"A millonarios yo lo sigo siempre a todos lados
A donde vayas el comando siempre va a estar
Pasan los años pasan los jugadores
Solo queda esta hinchada
La que te sigue la que nunca te va a abandonar
No me interesa si el equipo va bien no me interesa si el equipo va mal
Es el aguante bogotano que alienta hasta el final",,,,,Barrabrava.net,https://barrabrava.net/millonarios/comandos-azules/letra/el-aguante-bogotano/,2026-09-01,,Copiado de texto público mediante extracción reproducible,64,aceptado,,No,
CAN0499,CLU019,Millonarios,El comando esta presente,"El comando esta presente y no deja de alentar todos esos putos se quieren matar
Porque la bandera la pudimos sacar a MILLOS le pido, con el corazón que pongan mas huevos
Para verte campeón de nuevo a la cancha porque no me importa nada que se metan en el culo,
el derecho de admisión y aunque insulten la platea y la gente no nos quiera,
El comando esta presente y no deja de alentar...",,,,,Barrabrava.net,https://barrabrava.net/millonarios/comandos-azules/letra/el-comando-esta-presente/,2026-09-01,,Copiado de texto público mediante extracción reproducible,75,aceptado,,No,
CAN0500,CLU019,Millonarios,El hincha mas feliz,"Dale Millos, dale Millos
Dale Millos, dale Millos
Soy el hincha más feliz, cuando yo veo a Millos
Late late corazón, yo soy hincha de Millos
Borrachito quiero estar por este campeonato
Millonarios lo ganó, primeros para rato.
Millos es toda mi vida que si falta no quiero vivir
simpre te llevo en el alma y cada dia te quiero más.
Dale Millos, dale Millos
Dale Millos, dale Millos
De la barra brava soy señor, yo soy hincha de Millos
Millos sentimiento una pasión, mi corazón es Millos
Soy comando voy feliz, por este campeonato
si me tengo que morir, por Millos yo me mato
Y cantamos, bailamos, reimos, lloramos y vivimos por este campeonato
Y cantamos, bailamos, reimos comando en el alma me siento feliz",,,,,Barrabrava.net,https://barrabrava.net/millonarios/comandos-azules/letra/el-hincha-mas-feliz/,2026-09-01,,Copiado de texto público mediante extracción reproducible,126,aceptado,,No,
CAN0501,CLU019,Millonarios,En cualquier cancha,"Hoy vengo a verte,
esta es tu hinchada
En cualquier cancha
o en cualquier país.
Millos te quiero y tengo aguante
En los 90 yo te alentaréeeee
¡Cuando des la vuelta!
Haremos carnaval
Porque está tatuado mi
corazóooooooonnn
de azul y blanco.",,,,,Barrabrava.net,https://barrabrava.net/millonarios/comandos-azules/letra/en-cualquier-cancha/,2026-09-01,,Copiado de texto público mediante extracción reproducible,42,aceptado,,No,
CAN0502,CLU019,Millonarios,Gloria A Mi Pasion,"Gloria mi vida,gloria mi pasion
Millonarios querido de mi corazon
El dia que me muera me vas a escuchar
Desde el cielo te voy a elentar
Soy de la banda mas loca que hay
Que con todos los trapos va siempre alentar
No me importa la tomba todo me da igual
Solo se que te vengo aletar
Gloria mi vida,gloria mi pasion
Millonarios querido de mi corazon
El dia que me muera me vas a escuchar
Desde el cielo te voy a elentar
Soy de la banda mas loca que hay
Que con todos los trapos va siempre alentar
No me importa la tomba todo me da igual
Solo se que te vengo aletar
Gloria mi vida,gloria mi pasion
Millonarios querido de mi corazon
El dia que me muera me vas a escuchar
Desde el cielo te voy a elentar
Soy de la banda mas loca que hay
Que con todos los trapos va siempre alentar
No me importa la tomba todo me da igual
Solo se que te vengo aletar",,,,,Barrabrava.net,https://barrabrava.net/millonarios/comandos-azules/letra/gloria-a-mi-pasion/,2026-09-01,,Copiado de texto público mediante extracción reproducible,174,aceptado,,No,
CAN0503,CLU019,Millonarios,"Gloria en las calles, pasión en la tribuna","Hoy no es un día cualquiera,hoy de nuevo es carnaval
Ya esta listas las banderas los bombos no faltaran
De azul se pinta el estadio en donde quiera que este,
porque hoy juega millonarios de nuevo, te vengo a ver
Gloria en las calles pasión en las tribunas,
como esta banda en Colombia no hay ninguna
con este aguante formando un carnaval
en toda cancha te sentirás local x2...",,,,,Barrabrava.net,https://barrabrava.net/millonarios/comandos-azules/letra/gloria-en-las-calles-pasion-en-la-tribuna/,2026-09-01,,Copiado de texto público mediante extracción reproducible,70,aceptado,,No,
CAN0504,CLU019,Millonarios,Hoy me amenazaron,"Hoy me amenazaron por venir a verte
no quieren que vuelva por aquí jamas
dicen que si vuelvo encontrare la muerte
que por Millonarios me van a matar.
A mi no me asustan sureños de mierda
que siempre a la cancha custodiados van
yo soy un Comando que no teme a nada
y aunque estés perdiendo te vengo a alentar ♪♫♪",,,,,Barrabrava.net,https://barrabrava.net/millonarios/comandos-azules/letra/hoy-me-amenazaron/,2026-09-01,,Copiado de texto público mediante extracción reproducible,60,aceptado,,No,
CAN0505,CLU019,Millonarios,La Bicicleta,"Hoy vamo’a ganar
Como siempre en la cancha con tu gente
No vas a jugar
En silencio como juega el puto verde.
Somos nosotros, Los Millonarios
Toda esta gente que te sigue a todos lados
Buenas y malas, siempre alentando
estos colores yo los quiero desde que nací
y es que esta hinchada no te pide tanto
Solo que juegues con el corazón
Cantamos por ti, venimos por ti
Con tus colores me voy a morir
Solo quiero otro campeonato
acá alentamos con el corazón
Dale embajador, quiero ser campeón.
No como el rojo, que abandonaron
Va a una final y no llenan en todo el año
yo a la cancha voy siempre descontrolado
a donde vayas te voy a seguir.",,,,,Barrabrava.net,https://barrabrava.net/millonarios/blue-rain/letra/la-bicicleta/,2026-09-01,,Copiado de texto público mediante extracción reproducible,121,aceptado,,No,
CAN0506,CLU019,Millonarios,La Fiesta Monumental,"Si tu eres campeon otra vez
Si me dieras una estrella otra vez
La alegria de este dia
A mi alma llegaria
Al verte de nuevo en la cancha campeon
Si el equipo nos da otro campeonato
La fiesta seria monumental por que a las afueras del nemesio
Los comandos armariamos carnaval (bis)
Si la guardia llora otra vez
Si la guarderia se caga otra vez
Sera por que millonarios de la mano de los comandos
Saca corriendo de aqui al santa fe (bis 2)",,,,,Barrabrava.net,https://barrabrava.net/millonarios/comandos-azules/letra/la-fiesta-monumental/,2026-09-01,,Copiado de texto público mediante extracción reproducible,85,aceptado,,No,
CAN0507,CLU019,Millonarios,La guardería se cago!!!!,"Se cago se cago, la guarderia se cago
Escuchen todos se cago
La guarderia se cago
Santafeñero
Yo no me olvido
Como corriste
Ese domingo
Por que haya en soacha
Tu te cagaste
Y con los paisas tu te juntaste...",,,,,Barrabrava.net,https://barrabrava.net/millonarios/comandos-azules/letra/la-guarderia-se-cago/,2026-09-01,,Copiado de texto público mediante extracción reproducible,40,aceptado,,No,
CAN0508,CLU019,Millonarios,La olla del barrio,"Saliendo campeón de la norte es lo que imagino
Que se quieran matar esos paisas y la guardería
Quiero verte jugar
Todos los domingos
Todas las canchas salir a ganar
A dónde juegues siempre voy a estar
Todos nuestros hijos se pondrán a llorar
Otra vez de primero van a ver a papá
Los Millos todos de la cabeza en la olla del barrio
De fiesta preparando los trapos para ver al campeón
Por fin va a decir la verdad el que habla en la radio
Que la banda mas grande de todas es la de Millonarios",,,,,Barrabrava.net,https://barrabrava.net/millonarios/comandos-azules/letra/la-olla-del-barrio/,2026-09-01,,Copiado de texto público mediante extracción reproducible,97,aceptado,,No,
CAN0509,CLU019,Millonarios,La vuelta vamos a dar,"Este es el año de Millos
No le falles a tu gente
Que es la que siempre te alienta
La que siempre está presente
La vuelta vamos a dar
Tienes que dejar la vida
Para que llore el Masturbio
Los Paisas y la Guardería",,,,,Barrabrava.net,https://barrabrava.net/millonarios/comandos-azules/letra/la-vuelta-vamos-a-dar/,2026-09-01,,Copiado de texto público mediante extracción reproducible,44,aceptado,,No,
CAN0510,CLU019,Millonarios,Llego la banda de la Blue Rain,"Llego la banda de la Blue Rain
La que te alienta de corazón
Siguen pasando los años
Seguimos estando a tu lado
¡VAMOS MILLONARIOS!
dale embajador
¡QUIERO SER CAMPEÓN!",,,,,Barrabrava.net,https://barrabrava.net/millonarios/blue-rain/letra/llego-la-banda-de-la-blue-rain/,2026-09-01,,Copiado de texto público mediante extracción reproducible,29,aceptado,,No,
CAN0511,CLU019,Millonarios,Locos de la cabeza,"Que alegría que alegría
Ole ole ola
Vamos millos todavía que estas para ganar locos de la cabeza
Haciendo descontrol
Solo te pido millos que vos salgas campeón
El día que me muera quiero ver mi cajón
Pintado azul y blanco
Como mi corazón",,,,,Barrabrava.net,https://barrabrava.net/millonarios/comandos-azules/letra/locos-de-la-cabeza/,2026-09-01,,Copiado de texto público mediante extracción reproducible,44,aceptado,,No,
CAN0512,CLU019,Millonarios,Los vagos me enseñaron a quererte,"Los vagos me enseñaron a quererte
Alentarte siempre hasta la muerte
Los visitantes siempre los corremos
Yo tengo aguante porque yo te quiero
Soy del bando Millonario
Yo soy atorrante, yo te quiero",,,,,Barrabrava.net,https://barrabrava.net/millonarios/comandos-azules/letra/los-vagos-me-ensenaron-a-quererte/,2026-09-01,,Copiado de texto público mediante extracción reproducible,33,aceptado,,No,
CAN0513,CLU019,Millonarios,Millos es mi alegria,"Millos es mi alegria
Lo mas grande que hay en mi vida
Millonarios es mi pasion
Yo te llevo... Dentro de mi corazon campeon
Donde juegos siempre voy a estar
Hasta la muerte
Hoy tienes... Que ganar
Que el nemesio es un carnaval
Aqui esta... La mas fiel...
La gloriosa banda de blue rain",,,,,Barrabrava.net,https://barrabrava.net/millonarios/blue-rain/letra/millos-es-mi-alegria/,2026-09-01,,Copiado de texto público mediante extracción reproducible,54,aceptado,,No,
CAN0514,CLU019,Millonarios,Millos es toda mi vida,"Alentando sin parar al más veces campeón
es la banda del aguante
Millonarios de mi corazón
Solo quiero que pongan más huevos
porque este año quiero ser campeon.
Millos es toda mi vida
te llevo en el corazón
por ti todo lo dejaria
yo daria la vida
para verte campeón",,,,,Barrabrava.net,https://barrabrava.net/millonarios/comandos-azules/letra/millos-es-toda-mi-vida/,2026-09-01,,Copiado de texto público mediante extracción reproducible,50,aceptado,,No,
CAN0515,CLU019,Millonarios,No me arrepiento de haber venido a alentar,"No me arrepiento de haber venido a alentar
De haber viajado mil horas
¡PARA VENIRTE A VER!
A millonarios le pido de corazón
Que levanten muchas copas y
¡DEN LA VUELTA OTRA VEZ!
Cuando vengo a alentarte
Me late el corazón
¡MILLOS ERES LOS MÁS GRANDE!",,,,,Barrabrava.net,https://barrabrava.net/millonarios/comandos-azules/letra/no-me-arrepiento-de-haber-venido-a-alentar/,2026-09-01,,Copiado de texto público mediante extracción reproducible,46,aceptado,,No,
CAN0516,CLU019,Millonarios,Por fin llego el domingo,"Por fin llego el domingo
Aqui venimos a lentar
Con bombos y trapos
El aguante aqui esta
A mi me importa un culo lo que digan los demas
A millonarios siempre... Lo voy a alentar
Daleee campeooon
Vamos millos pongan huevos no le falles a tu hinchada
Pa' dar la vueltaaaa...
Los comandos se lo piden suden esa camisetaaa...",,,,,Barrabrava.net,https://barrabrava.net/millonarios/comandos-azules/letra/por-fin-llego-el-domingo/,2026-09-01,,Copiado de texto público mediante extracción reproducible,59,aceptado,,No,
CAN0517,CLU019,Millonarios,Rojo te quiero contar,"Rojo te quiero contar
y te quiero recordar
que desde ese 17
ya no existes nunca mas
solo quieres alentar
cuando juegas la final
y al momento de perderla
son récord en evacuar
que vergüenza que me das
con lo del primer campeón
si el partido de tu vida
lo gano el embajador
la guardia
no se la va a sacar nunca mas
Henry Rojas con su zurda
mato al hincha cardenal
ay rojo
esto nunca lo vas a olvidar
Millonarios dio la vuelta
cuando estabas de local",,,,,Barrabrava.net,https://barrabrava.net/millonarios/comandos-azules/letra/rojo-te-quiero-contar/,2026-09-01,,Copiado de texto público mediante extracción reproducible,88,aceptado,,No,
CAN0518,CLU019,Millonarios,Sabes que quisiera ser otra vez campeón,"sabes que por ti me muero voy a todos lados
sabes que quisiera ser otra vez campeón
sabes que lo dejo todo por venir a verte
y si no estamos primero yo te aliento igual...
por favor traigas la copa no me hagas sufrir
sabes que siempre te aliento vamos a ganar
desde pequeño te sigo siempre estoy presente
por favor sal a la cancha quiero ser feliz...",,,,,Barrabrava.net,https://barrabrava.net/millonarios/blue-rain/letra/sabes-que-quisiera-ser-otra-vez-campeon/,2026-09-01,,Copiado de texto público mediante extracción reproducible,68,aceptado,,No,
CAN0519,CLU019,Millonarios,Se me ha perdido el corazón,"Se me ha perdido el corazón
por alentarte embajador...
De la cabeza..
Ya no me importa si ganas
ya no me importa si perdes,
la banda te alienta..
De visitante o de local
a donde juegues vamos a estar
a donde vallas embajador
con bombo y banderas aliento yo oh oh oh...â™«
pero ya no puedo parar
y en el nemesio voy a estar
te voy a alentar...
Nosotros somos Bogotá
Nosotros somos la Blue Rain
Estamos de fiesta...
Dale millos vamo'a ganar
nunca te voy a abandonar
eres locura eres pasión
un sentimiento de corazóoon",,,,,Barrabrava.net,https://barrabrava.net/millonarios/blue-rain/letra/se-me-ha-perdido-el-corazon/,2026-09-01,,Copiado de texto público mediante extracción reproducible,97,aceptado,,No,
CAN0520,CLU019,Millonarios,Señores yo soy de millos y tengo aguante,"Señores yo soy de millos y tengo aguante
yo sigo a Millonarios por todas partes
porque es un sentimiento que se lleva en el corazon
yo daria toda mi vida por ser campeon
Sale Campeón Sale Campeón.
Sale campeon , sale campeón, sale campeón",,,,,Barrabrava.net,https://barrabrava.net/millonarios/blue-rain/letra/senores-yo-soy-de-millos-y-tengo-aguante/,2026-09-01,,Copiado de texto público mediante extracción reproducible,43,requiere revisión: similitud,CAN0521,Sí,"Similitud alta conservada: CAN0521 (secuencia=0.824, vocabulario=0.853, longitud=0.977)"
CAN0521,CLU019,Millonarios,Señores yo soy de millos y tengo aguante,"señores yo soy de millos y tengo aguante
yo sigo a millonarios a todas partes
porque este es un senimiento
que se lleva en el corazon
yo daria toda mi vida por ser campeon
dale campeon
dale campeon
dale campeon
dale campeon",,,,,Barrabrava.net,https://barrabrava.net/millonarios/comandos-azules/letra/senores-yo-soy-de-millos-y-tengo-aguante/,2026-09-01,,Copiado de texto público mediante extracción reproducible,42,requiere revisión: similitud,CAN0520,Sí,"Similitud alta conservada: CAN0520 (secuencia=0.824, vocabulario=0.853, longitud=0.977)"
CAN0522,CLU019,Millonarios,Sureño,"Sureño, sureño, sureño!
Sureño no lo pienses mas, largate a tu puta provincia, toda tu familia es de alla
Que feo es ser sureño provinciano, que en una loma tiene que vivir
Su hermana rebolea las carteras, su mama me lo mama por ahi",,,,,Barrabrava.net,https://barrabrava.net/millonarios/comandos-azules/letra/sureno/,2026-09-01,,Copiado de texto público mediante extracción reproducible,44,aceptado,,No,
CAN0523,CLU019,Millonarios,Sólo te pido un favor,"Sólo te pido un favor,
Queremos otro campeonato,
Te lo pido de corazón,
Quiero salir festejando del estadio.
Por que yo no soy de Nacional,
No soy de Santa Fe,
Yo no quiero perder,
Quiero que millos gane el campeonato
y así salir festejando del estadio.
Por que yo no quiero que perdás,
Yo quiero que luchés,
la vuelta quiero dar,
con 14 estrellas quedaremos
Millos con este campeonato merecemos.
Sólo te pido un favor,
Queremos otro campeonato,
Te lo pido de corazón,
Quiero salir festejando en el estadio.
Por que yo no soy de Nacional,
No soy de Santa Fe,
Yo no quiero perder,
Quiero que Millos gane el campeonato,
Y así salir festejando del estadio.
Por que yo no quiero que perdás,
yo quiero que luchés,
la vuelta quiero dar,
con 14 estrellas quedaremos,
Millos este campeonato merecemos.
Sólo te pido un favor,
Queremos otro campeonato,
te lo pido de corazón,
Quiero salir festejando del estadio.
Por que yo no soy de Nacional,
No soy de Santa Fe,
Yo no quiero perder,
Quiero que Millos gane el campeonato,
Y así salir festejando del estadio.",,,,,Barrabrava.net,https://barrabrava.net/millonarios/comandos-azules/letra/solo-te-pido-un-favor/,2026-09-01,,Copiado de texto público mediante extracción reproducible,186,aceptado,,No,
CAN0524,CLU019,Millonarios,Todas las campañas que viví,"Todas las campañas que vivi
todas las canchas donde te segui
tantos campeonatos que ganamos
cuantas copas levantamos
desde que te conoci.
Siempre te voy a alentar
voy a seguriote por donde vayás
vamos pongan huevos que ganamos
asi todos festejamos
yo la vuelta quiero dar.
Tu me das alegrias
yo te doy a mor
pongan huevos mi millos
quiero verte otra vaz campeon
yo daria mi vida por esta pasion
pongan huevos mi millos
quiero verte otra vaz campeon",,,,,Barrabrava.net,https://barrabrava.net/millonarios/blue-rain/letra/todas-las-campanas-que-vivi/,2026-09-01,,Copiado de texto público mediante extracción reproducible,80,aceptado,,No,
CAN0525,CLU019,Millonarios,Todos los domingos en la tarde,"Todos los domingos en la tarde
Que voy a la cancha
¡A VER AL MÁS GRANDE!
De la cabeza no me importa lo que digan
Todo el periodismo ni la policía
¡VAMOS LOS MILLOS VAMOS A GANAR!
Que el comando te viene a alentar
Vamos los MILLOS a salir campeón
Que somos los muchachos
¡LOS MUCHACHOS DE MILLOS!",,,,,Barrabrava.net,https://barrabrava.net/millonarios/comandos-azules/letra/todos-los-domingos-en-la-tarde/,2026-09-01,,Copiado de texto público mediante extracción reproducible,58,aceptado,,No,
CAN0526,CLU019,Millonarios,Una vez mas,"Vamos Vamos Los Millos Vamos Vamos A Ganar Una Vez, Te Venimos Alentar
Vamos Vamos Los Millos Vamos Vamos A Ganar Una Vez, Te Venimos Alentar
Vamos Vamos Los Millos Vamos Vamos A Ganar Una Vez, Te Venimos Alentar.",,,,,Barrabrava.net,https://barrabrava.net/millonarios/blue-rain/letra/una-vez-mas/,2026-09-01,,Copiado de texto público mediante extracción reproducible,39,aceptado,,No,
CAN0527,CLU019,Millonarios,Ya me voy para la cancha,"Ya Me Voy Para La Cancha
Ya Me Voy Para El Nemesio
A Mi No Me Importa nada
Millonarios Yo te Quiero,
Mi Corazón Y Toda Esta Pasión te Quiere ver Campeón
Contigo Festejar 20 Años Muchos Mas
Celebra La Blue Rain Con Fiesta Y Carnaval.",,,,,Barrabrava.net,https://barrabrava.net/millonarios/blue-rain/letra/ya-me-voy-para-la-cancha/,2026-09-01,,Copiado de texto público mediante extracción reproducible,46,aceptado,,No,
CAN0528,CLU019,Millonarios,Ya vas a ver una banda,"Para salir campeones
hay que poner más huevos, huevos
suda la camiseta
quiero salir primero quiero salir primero...
Ya vas a ver una banda
que es la más grande de todas
que sigue siempre al equipo
yo quiero ganar la copa.....",,,,,Barrabrava.net,https://barrabrava.net/millonarios/comandos-azules/letra/ya-vas-a-ver-una-banda/,2026-09-01,,Copiado de texto público mediante extracción reproducible,41,aceptado,,No,
CAN0529,CLU019,Millonarios,Yo los domingos voy a ver al campeon,"yo los domingos voy a ver al campeon
por que lo llevo en el alma
esta locura que siento por vos no se compara con nada
ganes o pierdas yo te vengo a alentar
millos tu eres mi vida
es la alegria de mi corazon
lo mas grande de esta vida
por que
hoy campeon te vengo a ver y ya no me importa nada
esta tarde embajador no le falles a tu hinchada",,,,,Barrabrava.net,https://barrabrava.net/millonarios/comandos-azules/letra/yo-los-domingos-voy-a-ver-al-campeon/,2026-09-01,,Copiado de texto público mediante extracción reproducible,74,aceptado,,No,
CAN0530,CLU019,Millonarios,Yo me enamore de millonarios,"yo era pequeño me acuerdo bien vi a millonarios y me enamore
desde ese día todos los días yo lo vengo a ver
es una droga es una obsesión es amor puro una religión
azul y blanco esta pintado todo mi corazón
yo me enamore de millonarios me enamore",,,,,Barrabrava.net,https://barrabrava.net/millonarios/comandos-azules/letra/yo-me-enamore-de-millonarios/,2026-09-01,,Copiado de texto público mediante extracción reproducible,49,aceptado,,No,
CAN0531,CLU019,Millonarios,Yo no se lo que he tomado,"Yo no se lo que he tomado
Pero estoy descontrolado
Millonarios como siempre Dejo todo y vengo a verte
Esta locura no entiende de leyes ni policía
Que se mueran esos paisas y la puta guardería
Esta es la barra brava del comando
La que te sigue siempre todo lado
La que lleva en el alma esta pasión
La que te alienta siempre con el corazón",,,,,Barrabrava.net,https://barrabrava.net/millonarios/comandos-azules/letra/yo-no-se-lo-que-he-tomado/,2026-09-01,,Copiado de texto público mediante extracción reproducible,66,aceptado,,No,
CAN0532,CLU019,Millonarios,Yo se muy bien que pasare la vida entera,"Yo se muy bien que pasare la vida entera
siguiendo a Millos en las malas y en las buenas
siempre aletando para que salgas campeón
no como el verde ni los putos del león...
yo no aba/ndono porque no soy provinciano
Soy de la banda del Aguante Bogotano
Yo Soy Blue Rain y no para de Altenrar y en el Nemesio te lo vamos a demostar!!!
Dale Dale Camepon y Dale Campeón Dale Dale Campeón",,,,,Barrabrava.net,https://barrabrava.net/millonarios/blue-rain/letra/yo-se-muy-bien-que-pasare-la-vida-entera/,2026-09-01,,Copiado de texto público mediante extracción reproducible,76,aceptado,,No,
CAN0533,CLU019,Millonarios FC,Azules Somos los Duros,"Azules somos los duros, Aquí estamos y no nos vamos, A 5 amigos los tiene presos, Y no los pueden, y no los pueden controlar… Yo soy de millos que puteria, Por eso canto de corazón, Al mas veces campeón. No soy del verde no soy del rojo Uno es muy marica muy marica Muy guevo MUY GUEVON Y ya lo ve, y ya lo ve, Esto es pal rojo que es marica y no nos cree, Y ya lo ve, y ya lo ve, Esto es pal rojo que nos mira por tv…",,,,,FanChants,https://www.fanchants.com/es/football-songs/millonarios-futbol-club-chants/blues-we-are-tough-ones/,2026-09-01,2012,Copiado de texto público mediante extracción reproducible,94,aceptado,,No,
CAN0534,CLU019,Millonarios FC,Cada Vez Te Quiero Mas,"Vamos vamos Millonarios,
Vamos a ganar,
Que esta hinchada no deja de alentar,
Yo te sigo a todas partes donde vas,
Cada vez te quiero mas...",,,,,FanChants,https://www.fanchants.com/es/football-songs/millonarios-futbol-club-chants/millionarios-chant-9-mfc/,2026-09-01,2013,Copiado de texto público mediante extracción reproducible,26,aceptado,,No,
CAN0535,CLU019,Millonarios FC,Dale Dale Millonarios,"Dale Dale Dale Dale Millonarios,
Dale Dale Dale Dale Embajador...

(Repite)",,,,,FanChants,https://www.fanchants.com/es/football-songs/millonarios-futbol-club-chants/come-come-millonarios-mfc/,2026-09-01,2013,Copiado de texto público mediante extracción reproducible,11,aceptado,,No,
CAN0536,CLU019,Millonarios FC,Desde Que Era Niño,"Vamos Azules, Hay que ponerle más huevos, Con esa hinchada, Quiero salir campeón de nuevo, Desde chiquito yo te vengo a ver, Y me persigue la policía, No se hasta cuando me van a joder, No se dan cuenta que tú eres mi vida... (Repeated...)",,,,,FanChants,https://www.fanchants.com/es/football-songs/millonarios-futbol-club-chants/millonarios-chant-2-mfc/,2026-09-01,2013,Copiado de texto público mediante extracción reproducible,45,aceptado,,No,
CAN0537,CLU019,Millonarios FC,Embajador Embajador,"Embajador, Embajador, Embajador, Embajador... (Repite)",,,,,FanChants,https://www.fanchants.com/es/football-songs/millonarios-futbol-club-chants/ambassador-mfc/,2026-09-01,2013,Copiado de texto público mediante extracción reproducible,5,aceptado,,No,
CAN0538,CLU019,Millonarios FC,Embajador Ponga Huevo,"Embajador pongan huevo y corazón,
Que desde que nací te llevo en el corazón,
Para todo el aguante te sigo a todas partes,
Porque toda esta pandilla te pide mas alegrías...",,,,,FanChants,https://www.fanchants.com/es/football-songs/millonarios-futbol-club-chants/ambassador-put-more-balls-it-mfc/,2026-09-01,2013,Copiado de texto público mediante extracción reproducible,31,aceptado,,No,
CAN0539,CLU019,Millonarios FC,Esta Noche Cantare,"Siguiendo a los millos yo llegaré lejos, Tan lejos como se pueda llegar, Ya llegan los bombos y los redoblantes, Ya llega el aguante de la capital, Copando, copando se llega de a poco, Estamos re locos hoy hay que ganar, Vamos millonarios que todo está bien, Esta noche cantaré te juro te alentaré, Vamos millonarios tienes que ganar, Esta noche hay que ganar no me vayas a fallar, Y vamos los millos quiero verte campeón vamos los millos oh oh...",,,,,FanChants,https://www.fanchants.com/es/football-songs/millonarios-futbol-club-chants/tonight-i-will-sing-mfc/,2026-09-01,2017,Copiado de texto público mediante extracción reproducible,81,aceptado,,No,
CAN0540,CLU019,Millonarios FC,Hay Que Saltar,"Hay que saltar,
Hay que saltar,
El que no salte es una p*** del Nacional...
(Repeated...)",,,,,FanChants,https://www.fanchants.com/es/football-songs/millonarios-futbol-club-chants/we-have-jump-mfc/,2026-09-01,2017,Copiado de texto público mediante extracción reproducible,16,aceptado,,No,
CAN0541,CLU019,Millonarios FC,Jamás,"Jamás jamás, He dejado de ser tuyo, Te lo digo con orgullo, De Millos nada más... (Repeated...)",,,,,FanChants,https://www.fanchants.com/es/football-songs/millonarios-futbol-club-chants/millonarios-chant-1-mfc/,2026-09-01,2013,Copiado de texto público mediante extracción reproducible,17,aceptado,,No,
CAN0542,CLU019,Millonarios FC,Millonarios Canto,"No hay letra de esta cancion. Si tu la conoces, escribenos!",,,,,FanChants,https://www.fanchants.com/es/football-songs/millonarios-futbol-club-chants/millonarios-chant-6-mfc/,2026-09-01,2013,Copiado de texto público mediante extracción reproducible,11,aceptado,,No,
CAN0543,CLU019,Millonarios FC,Millos Campeón,"Uo uo uo, Sale Millos, Uo uo uo, Sale Millos... Sale campeón, Sale campeón, Sale campeón, Sale campeón, (Repeated...)",,,,,FanChants,https://www.fanchants.com/es/football-songs/millonarios-futbol-club-chants/oh-millos-are-leaving-mfc/,2026-09-01,2017,Copiado de texto público mediante extracción reproducible,19,aceptado,,No,
CAN0544,CLU019,Millonarios FC,Millos No Tiene Marido,"Millos no tiene marido,
Millos no tiene mujer,
Pero tengo un hijo bobo,
Que se llama Santa Fe...
(Se repite...)",,,,,FanChants,https://www.fanchants.com/es/football-songs/millonarios-futbol-club-chants/millos-doesnt-have-husband-mfc/,2026-09-01,2021,Copiado de texto público mediante extracción reproducible,20,aceptado,,No,
CAN0545,CLU019,Millonarios FC,Ole Ole Ole Millos,"Ole, ole, ole, ole, Millos Millos, Ole, ole, ole, ole, Millos Millos, Ole, ole, ole, ole, Millos Millos, Ole, ole, ole, ole, Millos Millos... (Se repite...)",,,,,FanChants,https://www.fanchants.com/es/football-songs/millonarios-futbol-club-chants/ole-ole-ole-millos-mfc/,2026-09-01,2016,Copiado de texto público mediante extracción reproducible,26,aceptado,,No,
CAN0546,CLU019,Millonarios FC,Por Eso Canto de Corazón,"Por eso canto de corazón, Tú serás siempre campeón, No soy del verde ni de los rojos, Uno es marica muy marica, Otro huevón muy huevón, Soy más veces campeón, Y yaloe y yaloe, Esta es para el rojo que nos mira por TV, Y yaloe y yaloe, El rojo hijo de p*ta se va para la B, Azules somos los duros, Aquí llegamos y no nos vamos, A cinco amigos los tienen presos, Y no los pueden y no los pueden controlar...",,,,,FanChants,https://www.fanchants.com/es/football-songs/millonarios-futbol-club-chants/millonarios-chant-8-mfc/,2026-09-01,2013,Copiado de texto público mediante extracción reproducible,83,aceptado,,No,
CAN0547,CLU019,Millonarios FC,Quiero Que Todos Sepan,"Quiero que todos sepan lo que siento, 
Porque nunca podré ser infiel,
A Millos lo quiero desde pequeño,,
Y este amor no para de crecer...

Siempre lo sigo a todo lado,
Y hay algo que deben saber,
Que donde juegue Millonarios, 
Ahí estaré alentándolo otra vez…",,,,,FanChants,https://www.fanchants.com/es/football-songs/millonarios-futbol-club-chants/i-want-everybody-know-mfc/,2026-09-01,2017,Copiado de texto público mediante extracción reproducible,46,aceptado,,No,
CAN0548,CLU019,Millonarios FC,Quiero Salir Primero,"Vas a ver una banda,
Que es la más loca de todas, 
Que sigue siempre a su equipo,
Yo quiero ganar la copa,

Para salir campeones,
Hay que poner más huevos,
Huevos,
Sudar la camiseta,
Quiero salir primero,
Quiero salir primero...
(Se repite...)",,,,,FanChants,https://www.fanchants.com/es/football-songs/millonarios-futbol-club-chants/you-will-see-fans-mfc/,2026-09-01,2017,Copiado de texto público mediante extracción reproducible,43,aceptado,,No,
CAN0549,CLU019,Millonarios FC,Santafereño Yo No Me Olvido,"Santafereño yo no me olvido,
Como corriste ese domingo, 
Allá en Soacha tu no paraste,
Y con los paisas tu te juntaste, 

Se cagó se cagó la guardería se cagó,
Se cagó se cagó la guardería se cagó,
Escuchen todos se cago la guardería se cagó...",,,,,FanChants,https://www.fanchants.com/es/football-songs/millonarios-futbol-club-chants/santaferenian-i-dont-forget-mfc/,2026-09-01,2019,Copiado de texto público mediante extracción reproducible,46,aceptado,,No,
CAN0550,CLU019,Millonarios FC,Siempre Yo Te Sigo,"Siempre yo te sigo, loco en la cabeza, Vamos Millonarios que tenemos aguante, No me importa nada voy a todas partes, Juegues donde juegues quiero dar la vida... Desde mi corazón, aunque ganes o pierdas, Esta hinchada siempre va a alentar, Porque juegan mal y duro, Vamos Millonarios Quiero dar la vuelta",,,,,FanChants,https://www.fanchants.com/es/football-songs/millonarios-futbol-club-chants/ill-always-follow-you-mfc/,2026-09-01,2013,Copiado de texto público mediante extracción reproducible,52,aceptado,,No,
CAN0551,CLU019,Millonarios FC,Soy del Millo,"Soy del bando Millonario, Yo soy atorrante yo, Te quiero, Los Vagos me enseñaron a quererte, Alentarte siempre hasta la muerte, A los visitantes siempre les corremos, Tengo aguante porque yo te quiero, Soy del bando Millonario, Yo soy atorrante yo, Te quiero... (Repeated...)",,,,,FanChants,https://www.fanchants.com/es/football-songs/millonarios-futbol-club-chants/im-millo-side-mfc/,2026-09-01,,Copiado de texto público mediante extracción reproducible,44,aceptado,,No,
CAN0552,CLU019,Millonarios FC,Te Llevo Dentro,"Vamos vamos Millonarios,
Dame una alegría,
quiero ser campeón...

Sabes todo lo que siento, 
se lleva acá dentro de mi corazón...",,,,,FanChants,https://www.fanchants.com/es/football-songs/millonarios-futbol-club-chants/i-carry-you-inside-mfc/,2026-09-01,2017,Copiado de texto público mediante extracción reproducible,21,aceptado,,No,
CAN0553,CLU019,Millonarios FC,Todos Llenando la Popular,"Todos saltando en el tablón, Todos aquí llenando la popular, Te pedimos un favor, Solo una estrella más… Y vamos Los Millos, Te queremos ver ganar, Y vamos Los Millos, Otro campeonato más…",,,,,FanChants,https://www.fanchants.com/es/football-songs/millonarios-futbol-club-chants/everybody-filling-cheap-seats/,2026-09-01,2012,Copiado de texto público mediante extracción reproducible,33,aceptado,,No,
CAN0554,CLU019,Millonarios FC,Tú Eres Mi Vida,"Yo te quiero mi Millos,
Yo a ti te sigo, 
Tú eres mi vida,
Siempre te voy a alentar, 
No como la p*ta guardería,

Vayas a donde vayas, 
Esta es tú hinchada la que te alienta,
Vamos campeón,
Vamos a ganar, 
Que la hinchada está de fiesta,

Vamos campeón, 
Hacelo por tú hinchada,
La que te sigue en las buenas y en las malas,
Vamos campeón, 
No falles a tú gente,
No seas amargo como los put*s verdes,
Yo soy así, 
A Millos yo lo quiero,
Vamos a matar a los santafereños...",,,,,FanChants,https://www.fanchants.com/es/football-songs/millonarios-futbol-club-chants/millonarios-chant-7-mfc/,2026-09-01,2013,Copiado de texto público mediante extracción reproducible,92,aceptado,,No,
CAN0555,CLU019,Millonarios FC,Una Estrella Más,"Vamos los Millos,
Te queremos ver ganar,
Y vamos los Millos,
Otro campeonato más,

Todos saltando en el tablón,
Todos aquí llenando la popular,
Te pedimos un favor,
Sólo una estrella más...
(Se repite...)",,,,,FanChants,https://www.fanchants.com/es/football-songs/millonarios-futbol-club-chants/millonarios-chant-10-mfc/,2026-09-01,2013,Copiado de texto público mediante extracción reproducible,34,aceptado,,No,
CAN0556,CLU019,Millonarios FC,Vamos a Todos Lados,"Vamos Millonario, Te sigo a todas partes yo te quiero, Vamos a dar la vuelta todos juntos, Hay que poner un poco más de huevos, Más de huevos, Eso que dice la banda, Que somos borrachos, vagos, delincuentes, No le damos bola, vamos a todos lados, Yo quiero al equipo, Estoy descontrolado... (Se repite...)",,,,,FanChants,https://www.fanchants.com/es/football-songs/millonarios-futbol-club-chants/millonarios-chant-4-mfc/,2026-09-01,2013,Copiado de texto público mediante extracción reproducible,54,aceptado,,No,
CAN0557,CLU019,Millonarios FC,Vamos Millos Querido,"Vamos, Millos querido, Esta campaña volveremos a estar contigo, Te alentaremos de corazón, Esta es tu hinchada que te quiere ver campeón… No me importa lo que digan, Lo que digan los demás, Yo te sigo a todas partes, Cada vez te quiero más…",,,,,FanChants,https://www.fanchants.com/es/football-songs/millonarios-futbol-club-chants/i-dont-care-about-what-they-say-mfc/,2026-09-01,,Copiado de texto público mediante extracción reproducible,44,aceptado,,No,
CAN0558,CLU019,Millonarios FC,Vamos por el Gol,"Oh, vamos por el gol, Vamos por el gol, Vamos por el gol, Vamos por el gol... (Se repite...)",,,,,FanChants,https://www.fanchants.com/es/football-songs/millonarios-futbol-club-chants/lets-go-goal-mfc/,2026-09-01,2013,Copiado de texto público mediante extracción reproducible,19,aceptado,,No,
CAN0559,CLU019,Millonarios FC,Vamos Vamos a Ganar,"Vamos vamos los Millos,
Vamos vamos a ganar,
Una vez mas,
Venimos a alentar...

(Repite)",,,,,FanChants,https://www.fanchants.com/es/football-songs/millonarios-futbol-club-chants/come-millos-one-more-time-mfc/,2026-09-01,2019,Copiado de texto público mediante extracción reproducible,15,aceptado,,No,
CAN0560,CLU019,Millonarios FC,Volveremos,"Volveremos volveremos,
Volveremos otra vez,
Volveremos a la cancha,
A acabar con Santa Fe...",,,,,FanChants,https://www.fanchants.com/es/football-songs/millonarios-futbol-club-chants/band-mfc/,2026-09-01,2017,Copiado de texto público mediante extracción reproducible,14,requiere revisión: similitud,CAN0561,Sí,"Similitud alta conservada: CAN0561 (secuencia=0.929, vocabulario=0.909, longitud=1.000)"
CAN0561,CLU019,Millonarios FC,Volveremos a la Cancha,"Volveremos, volveremos,
Volveremos otra vez,
Volveremo a la cancha,
A acabar con Santa Fe...",,,,,FanChants,https://www.fanchants.com/es/football-songs/millonarios-futbol-club-chants/well-come-back-well-come-back-mfc/,2026-09-01,2017,Copiado de texto público mediante extracción reproducible,14,requiere revisión: similitud,CAN0560,Sí,"Similitud alta conservada: CAN0560 (secuencia=0.929, vocabulario=0.909, longitud=1.000)"
CAN0562,CLU019,Millonarios FC,Yo No Se Lo Que Sentí,"Con la melodía de: Hacelo por mi ‬(by Ataque 77)‬ Yo no se lo que sentí, La primera vez que vi, Al equipo millonarios, Jugando en el campin… Desde entonces yo te llevo, Dentro de mi corazón, No me importan lo que digan, El azul es mi pasión… Vamos millos pongan huevos, Que tenemos que ganar, Vamos vamos millonarios, Que queremos que queremos, Festejar una estrella mas, Dale embajador una estrella mas, Dale embajador una estrella mas…",,,,,FanChants,https://www.fanchants.com/es/football-songs/millonarios-futbol-club-chants/come-ambassador-one-more-star-mfc/,2026-09-01,2013,Copiado de texto público mediante extracción reproducible,77,aceptado,,No,
CAN0563,CLU019,Millonarios FC,Yo Soy del Millos,"Yo soy del Millos por que,
El football me hizo así,
No puedo cambiar,
En el Nemesio hay una banda,
Que es la mas loca que hay.
Yo sigo al Millos,
Porque esta es mi pasión,
Es mi debilidad,
Millos yo,
Cada dia te quiero mas…
(Se repite…)",,,,,FanChants,https://www.fanchants.com/es/football-songs/millonarios-futbol-club-chants/im-millos-mfc/,2026-09-01,2017,Copiado de texto público mediante extracción reproducible,48,aceptado,,No,
CAN0564,CLU020,Once Caldas,El loBo nunca va a entender,"La alegría de esta banda
Nunca la van a olvidar
Ganamos libertadores
Se la ganamo a boca
y vos Blanco hiciste parte
de mi mas grande recuerdo
y por eso yo te aliento hasta el final..
El loBo nunca va a entender porque NUNCA LO VIVIO
porque nunca gano nada
la puta que lo pario
en el eje cafetero siempre vamo a ser nosotros
es la identidad del pueblo
la que nos hace gloriosos",,,,,Barrabrava.net,https://barrabrava.net/once-caldas/holocausto-norte/letra/el-lobo-nunca-va-a-entender/,2026-09-01,,Copiado de texto público mediante extracción reproducible,74,aceptado,,No,
CAN0565,CLU020,Once Caldas,El once es el mejor,"Soy el hincha mas feliz cuando yo veo al once
Ya me late el corazón yo soy hincha del once
Borrachito quiero estar todo el campeonato
Si el once es mejor hay once para ratos",,,,,Barrabrava.net,https://barrabrava.net/once-caldas/holocausto-norte/letra/el-once-es-el-mejor/,2026-09-01,,Copiado de texto público mediante extracción reproducible,35,aceptado,,No,
CAN0566,CLU020,Once Caldas,El once es mi locura,"Por eso te quiero dar
once mi corazón
Yo te sigo a todas partes
gracias por salir campeón
Lobo vas a correer
vooos sos un cagon
A las putas del pereira
las putas que los pario
Toda la vida saltando en la tribuna
el once es mi locura el once es mi pasión
Vamo once caldas con huevo
vamo al frente te lo pide la gente
quiero una vuelta mas
Pasan los años pasan los jugadores
la norte esta presente no para de alentar
Por eso yooo te quiero dar
onceee mi corazón
Yo te sigo a todas partes
gracias por salir campeón",,,,,Barrabrava.net,https://barrabrava.net/once-caldas/holocausto-norte/letra/el-once-es-mi-locura/,2026-09-01,,Copiado de texto público mediante extracción reproducible,103,aceptado,,No,
CAN0567,CLU020,Once Caldas,Hay que Alentar hasta la Muerte,"Hay que alentar hasta la muerte
Porque ganar solo quiero
Porque llevo al blanco y negro
Dentro de mi corazón
Y no somos pereiranos
Que corren a todos lados
Lobo puto maricón
Oh-oh, oh-oh
¡Esta es la hinchada del Campeón!
Hay que alentar hasta la muerte
Porque ganar solo quiero
Porque llevo al blanco y negro
Dentro de mi corazón
Y no somos pereiranos
Que corren a todos lados
Lobo puto maricón
Oh-oh, oh-oh
¡Esta es la hinchada del Campeón!",,,,,Barrabrava.net,https://barrabrava.net/once-caldas/holocausto-norte/letra/hay-que-alentar-hasta-la-muerte/,2026-09-01,,Copiado de texto público mediante extracción reproducible,84,aceptado,,No,
CAN0568,CLU020,Once Caldas,La Intercontinental,"Todo lo que yo viví...
todo lo hice por ti...
Soy Once Caldas, no me arrepiento de un eterno carnaval...
La intercontinental... no la pudimos ganar...
fue cómo un sueño para esta hinchada, pero vamo´ a regresar...
Dale campeón... lo dejo todo por verte a vos...
y te lo juro que ahí estaré...
y en todo lado te alentare...
Gracias a vos... estos colores son mi pasión...
desde pequeño te vengo a ver...
y en la tribuna me moriré...",,,,,Barrabrava.net,https://barrabrava.net/once-caldas/holocausto-norte/letra/la-intercontinental/,2026-09-01,,Copiado de texto público mediante extracción reproducible,79,aceptado,,No,
CAN0569,CLU020,Once Caldas,Me dejo una huella,"que tenemos huevo pa' ser campeón la hinchada lo demuestra...
si ponen el alma y corazón podemos dar la vuelta...
a todas las canchas te seguiré, por la camiseta
porque estoy seguro que este amor cruzara fronteras
por eso es que estoy loco por ti
por todo lo que viví
porque el once me marco
""me dejo una huella""",,,,,Barrabrava.net,https://barrabrava.net/once-caldas/holocausto-norte/letra/me-dejo-una-huella/,2026-09-01,,Copiado de texto público mediante extracción reproducible,59,aceptado,,No,
CAN0570,CLU020,Once Caldas,Mi Corazón Pintado Tricolor.,"Ya me voy para la cancha...
Para ver lo que mas quiero...
A mi no me importa nada...
Once caldas, yo te quiero
Mi corazon pintado tricolor...
Te quiere ver campeon...
Contigo festejar, 100 años mucho mas...
Desde la popular...
Con fiesta y carnaval...",,,,,Barrabrava.net,https://barrabrava.net/once-caldas/holocausto-norte/letra/mi-corazon-pintado-tricolor/,2026-09-01,,Copiado de texto público mediante extracción reproducible,44,aceptado,,No,
CAN0571,CLU020,Once Caldas,Mira que demente tienes,"Mira que demente tienes
a todita esta hinchada
se la pasa alentando en las buenas y mas en las malas
yo me moriré alentando
en el famoso Palogrande
por que yo te quiero mucho Once Caldas de mi corazón
Once esta es tu hinchada
que por ti deja la vida
se la pasa alentando y por eso siempre esta de gira
tu nos tienes hechizados con ese jueguito lindo
ONCE CALDAS DE MI VIDA SIEMPRE SIEMPRE VAMO' A ESTAR CONTIGO!",,,,,Barrabrava.net,https://barrabrava.net/once-caldas/holocausto-norte/letra/mira-que-demente-tienes/,2026-09-01,,Copiado de texto público mediante extracción reproducible,80,aceptado,,No,
CAN0572,CLU020,Once Caldas,Once Caldas de mi alma,"Otro año que se va
otro años que vendrá
y yo siempre festejando
a tu lado siempre quiero estar
solo otra copa yo te pido
vamos Once Caldas
vamos a ganar
Alentar y alentar
hoy vamos festejar
ese triunfo va llegando
cada día yo te quiero mas
solo otra copa yo te pido
este campeonato quiero festejar
Vamos
Once Caldas de mi alma
tu vives en mi corazón
por ti he perdido la calma
Once Caldas de mi alma y de mi corazón",,,,,Barrabrava.net,https://barrabrava.net/once-caldas/holocausto-norte/letra/once-caldas-de-mi-alma/,2026-09-01,,Copiado de texto público mediante extracción reproducible,83,aceptado,,No,
CAN0573,CLU020,Once Caldas,Por este amor,"Soy del once y lo sigo a todos lados
En las buenas y en las malas voy a estar
Con los bombos, la bandera, el redoblante
Holocausto caminando siempre va
No me importan esos malos resultados
Porque al once yo lo quiero de verdad
Nunca vas a ver una banda tan grande
Holocausto caminando siempre va
Por este amor, yo te sigo de la cuna hasta el cajón
Dale O, dejo todo por verte salir campeón
Y al jugador, yo le pido que respete los colores
Que estos son, como siempre los muchachos del honor",,,,,Barrabrava.net,https://barrabrava.net/once-caldas/holocausto-norte/letra/por-este-amor/,2026-09-01,,Copiado de texto público mediante extracción reproducible,95,aceptado,,No,
CAN0574,CLU020,Once Caldas,"Que te pasa, Bereria?","Que te pasa Pereira todavía seguís esperando.
Que le pasa a los lobos su ciudad los sigue llorando van pasando lo años jugadores también dirigentes pero no se dan cuenta que el problema viene de su gente.
Que no alientan porque ya no tenés huevo oh oh
Que no estabas cuando te fuiste al descenso,
Que te cagas cuando ves al HOLOCAUSTO.
Yo se que duele yo se que es feo pero a tu hinchada le falta huevos....",,,,,Barrabrava.net,https://barrabrava.net/once-caldas/holocausto-norte/letra/que-te-pasa-bereria/,2026-09-01,,Copiado de texto público mediante extracción reproducible,78,aceptado,,No,
CAN0575,CLU020,Once Caldas,Queremos la copa,"Y dale dale oooo queremos la copa
La banda esta loca y quiere un campeonato para festejar
Yo te voy a alentar como todos los años
Un poco mas de huevo y la vuelta vamo a dar",,,,,Barrabrava.net,https://barrabrava.net/once-caldas/holocausto-norte/letra/queremos-la-copa/,2026-09-01,,Copiado de texto público mediante extracción reproducible,37,aceptado,,No,
CAN0576,CLU020,Once Caldas,Quiero dar una vuelta mas,"Sabes que te quiero blanco voy a todos lados
Sabes que eres lo mas grande siempre para mi
Que juntos hemos pasado por momentos malos
Pero eso a mi no me importa siempre estare aqui
Vamo vamo once caldas hoy hay que ganar
Sabes que la gloria eterna solo es para ti
Solo te pido una copa y pongan mas hueeeevo
Solo te pido once caldas una vuelta mas",,,,,Barrabrava.net,https://barrabrava.net/once-caldas/holocausto-norte/letra/quiero-dar-una-vuelta-mas/,2026-09-01,,Copiado de texto público mediante extracción reproducible,69,aceptado,,No,
CAN0577,CLU020,Once Caldas,Se viene la banda del Once,"Señores soy hincha del once lo llevo en el alma
La banda que en todo momento siempre te acompaña
Porque el once caldas realmente es un sentimiento
Que aunque gane o pierda con todas mis fuerzas lo aliento
Recuerdo que juntos pasamos muy duros momentos
Entre mas sufrimos mas grande se hizo el sentimiento
A los jugadores les pido que dejen la vida
Porque cuando muera te voy a alentar desde arriba
Se viene la banda del once
Se viene la banda del once
Se viene la banda del once, hoy esta aquí.",,,,,Barrabrava.net,https://barrabrava.net/once-caldas/holocausto-norte/letra/se-viene-la-banda-del-once/,2026-09-01,,Copiado de texto público mediante extracción reproducible,93,aceptado,,No,
CAN0578,CLU020,Once Caldas,Señores yo soy del Once,"Señores yo soy del Once desde la cuna..
Que vamo a salir campeones no tengo duda..
El Once es in sentimiento que llevo en el corazón
Yo daría toda mi vida por ser campeón
O dale ooo..
O dale ooo..
O dale ooo..
Señores somos del Once y tenemos aguante
Yo siempre vivo alentando en mi palogrande
Hace mucho tiempo que la vuelta quiero yo dar
Vamo Once Vamo Once Caldas
Vamo a ganar
O dale ooo..
O dale ooo..
dale ooo..
dale ooo..
dale ooo..
dale ooo.",,,,,Barrabrava.net,https://barrabrava.net/once-caldas/holocausto-norte/letra/senores-yo-soy-del-once/,2026-09-01,,Copiado de texto público mediante extracción reproducible,88,aceptado,,No,
CAN0579,CLU020,Once Caldas,Siguiendo a mi blanco yo llegare lejos,"Siguiendo a mi blanco yo llegare lejos lejos lejos pero lejos
Tan lejos como se pueda llegar
Ya llegan los bombos y los redoblantes
Hasta el palogrande
Hoy hay que ganar
La norte se copa se llena de a poco
Estamos re locos
Hoy hay que ganar
Y vamos once caldas que todo esta bien
En la mala yo estaré
Por favor no abandones
En la mala yo estaré
Por favor no abandones
Dale que salgas campeón
Dale que salgas campeón",,,,,Barrabrava.net,https://barrabrava.net/once-caldas/holocausto-norte/letra/siguiendo-a-mi-blanco-yo-llegare-lejos/,2026-09-01,,Copiado de texto público mediante extracción reproducible,81,aceptado,,No,
CAN0580,CLU020,Once Caldas,Te conocí una tarde fría en palogrande,"Te conocí una tarde fría en palogrande
Desde ese día jure que nunca te iba a dejar
Pasan los años nada cambia el sentimiento
Porque en las malas yo te demuestro que te amo mas
Estar a tu lado
Ha sido mi alegría
Al verte en cada cancha
Y sentirme orgulloso de Once Caldas.",,,,,Barrabrava.net,https://barrabrava.net/once-caldas/holocausto-norte/letra/te-conoci-una-tarde-fria-en-palogrande/,2026-09-01,,Copiado de texto público mediante extracción reproducible,54,aceptado,,No,
CAN0581,CLU020,Once Caldas,Todas las campañas que viví.,"Todas las campañas que viví,
Todas las canchas donde te seguí,
Cuantas fotos que ya nos tomaron,
Cuantas veces nos filmaron desde
Que te conocí,
A la cancha voy igual,
Aunque nos busquen todos los del das,
Esta banda siempre tuvo huevo,
La que corre a los sureños,
Nunca te va abandonar,
Once vos Sos mi vida, vos Sos la pasión,
Que se lleva en el alma,
Que se lleva en el corazón,
Yo daría la vida (mi vida) por esta pasión,
Te quiero con el alma,
Once caldas de mi corazón.
Blanco yo desde niño, soy tu hincha fiel,
Por ti yo doy la vida,
No quiero nunca verte Perder.",,,,,Barrabrava.net,https://barrabrava.net/once-caldas/holocausto-norte/letra/todas-las-campanas-que-vivi/,2026-09-01,,Copiado de texto público mediante extracción reproducible,111,aceptado,,No,
CAN0582,CLU020,Once Caldas,Un minuto de silencio,"Yo soy a si soy ONCE CALDAS tomando alcohol y fumando marihuana ...
es la banda del honor la que alienta al tricolor....
La Norte llego al coloso y la popular copo....
la historia los condena el lobo no aguanta mas...
Once Caldas tiene un hijo y se llama pereira ....
se fue a la B se fue al descenso has-me un favor un minuto de silencio... ♪ ♪ ♪ ♪ ♪",,,,,Barrabrava.net,https://barrabrava.net/once-caldas/holocausto-norte/letra/un-minuto-de-silencio/,2026-09-01,,Copiado de texto público mediante extracción reproducible,66,aceptado,,No,
CAN0583,CLU020,Once Caldas,Vamos once vamos,"Ooooo vamos once vamos oooooo
oooo vamos once vamoos
pongan huevos
que ganamos
ooooo vamos holocausto
oooooo tenemos aguante somos vagos y atorrantes",,,,,Barrabrava.net,https://barrabrava.net/once-caldas/holocausto-norte/letra/vamos-once-vamos/,2026-09-01,,Copiado de texto público mediante extracción reproducible,23,aceptado,,No,
CAN0584,CLU020,Once Caldas,A Todos Lados,"Señores soy del Once y lo sigo a todos lados, Y no me importa de donde juegues te voy a alentar, Pasan los años, jugadores y los campeonatos, Y el sentimiento nunca va a terminar, Y vamos Once que no podes perder, Y vamos Once que tenes que ganar, Daría la vida por un campeonato, Otra vuelta más... (Se repite...)",,,,,FanChants,https://www.fanchants.com/es/football-songs/once-caldas-chants/everywhere-6/,2026-09-01,,Copiado de texto público mediante extracción reproducible,60,aceptado,,No,
CAN0585,CLU020,Once Caldas,Caldas Goleadoor,"Caldo caldo caldo goleador, Caldo caldo caldo goleador, Caldooooo, Goleadoor... (Se repite...)",,,,,FanChants,https://www.fanchants.com/es/football-songs/once-caldas-chants/neighbourhood/,2026-09-01,2017,Copiado de texto público mediante extracción reproducible,12,aceptado,,No,
CAN0586,CLU020,Once Caldas,"Dale, Dale, Oh","Ooooh, Dale, dale, oh, Dale, oh, Dale, oh, Dale, dale, oh... (Repetido...)",,,,,FanChants,https://www.fanchants.com/es/football-songs/once-caldas-chants/come-on-oh-10/,2026-09-01,,Copiado de texto público mediante extracción reproducible,12,aceptado,,No,
CAN0587,CLU020,Once Caldas,En las Malas Seguro Que Nunca Te Voy a Dejar,"Oh dale dale dale oh,
Ah vamos todos a ganar,
Oh dale dale dale oh,
Ah vamos todos a ganar,

Pongan huevos Once Caldas,
Que hoy tenés que ganar,
Esta banda está re loca,

En las buenas yo te sigo,
Yo te voy a alentar,
Y en las malas seguro que nunca te voy a dejar...",,,,,FanChants,https://www.fanchants.com/es/football-songs/once-caldas-chants/oh-come-on-2/,2026-09-01,2017,Copiado de texto público mediante extracción reproducible,56,aceptado,,No,
CAN0588,CLU020,Once Caldas,Esta Noche,"Pongan huevos, huevos Once Caldas, Pongan huevos, huevos sin cesar, Que esta noche cueste lo que cueste, Esta noche tenemos que ganar... (Se repite...)",,,,,FanChants,https://www.fanchants.com/es/football-songs/once-caldas-chants/put-your-balls-into-it-5/,2026-09-01,,Copiado de texto público mediante extracción reproducible,24,aceptado,,No,
CAN0589,CLU020,Once Caldas,Gracias a Dios,"Gracias a Dios, Por los bellos momentos, Siempre serás, Nuestro único ejemplo, Y aunque te tengas que marchar, Nunca voy a olvidarte, Porque fui tan feliz... (Repeated...)",,,,,FanChants,https://www.fanchants.com/es/football-songs/once-caldas-chants/once-caldas-chant-1/,2026-09-01,2013,Copiado de texto público mediante extracción reproducible,27,aceptado,,No,
CAN0590,CLU020,Once Caldas,Llegó la Hinchada,"Llegan los ""Muchachos del Honor"", Llegó la hinchada, Esta hinchada que no para de alentar, ¡Vamos Once, vamos a ganar!... (Se repite...)",,,,,FanChants,https://www.fanchants.com/es/football-songs/once-caldas-chants/fans-7/,2026-09-01,,Copiado de texto público mediante extracción reproducible,22,aceptado,,No,
CAN0591,CLU020,Once Caldas,Local o Visitante,"Te vi Campeón, Loco de la cabeza y tomando alcohol, A mí no me interesa en que cancha jugués, Local o visitante yo te vengo a ver, Ni la muerte nos va a separar, Des del cielo te voy alentar...",,,,,FanChants,https://www.fanchants.com/es/football-songs/once-caldas-chants/head-2/,2026-09-01,,Copiado de texto público mediante extracción reproducible,40,aceptado,,No,
CAN0592,CLU020,Once Caldas,Movete,"Movete Blanco, movete, Movete dale move, Porque esta banda esta loca, Loca y no podemos perder... (Repeated...)",,,,,FanChants,https://www.fanchants.com/es/football-songs/once-caldas-chants/we-cant-lose-2/,2026-09-01,2021,Copiado de texto público mediante extracción reproducible,17,aceptado,,No,
CAN0593,CLU020,Once Caldas,Oh Vamos,"Uoooo, Vamos los que vamos, Uoooo, Pongan huevos, Que ganamos... (Repeated...)",,,,,FanChants,https://www.fanchants.com/es/football-songs/once-caldas-chants/oh-come-on-once-come-on/,2026-09-01,,Copiado de texto público mediante extracción reproducible,11,aceptado,,No,
CAN0594,CLU020,Once Caldas,Para Salir Campeón,"Dale, dale, dale, oh, Hoy te venimos alentar, Para salir campeon, Tenemos que ganar, Dale, dale, dale, oh, Hoy te venimos alentar, Para salir campeon, Tenemos que ganar... (Repetido...)",,,,,FanChants,https://www.fanchants.com/es/football-songs/once-caldas-chants/ale-ale-ale-oh/,2026-09-01,2021,Copiado de texto público mediante extracción reproducible,29,aceptado,,No,
CAN0595,CLU020,Once Caldas,Pongan Más Corazón,"Pongan más huevo, Pongan más corazón, Como ponemos nosotros en el tablón, Dejamos todo, Solo por ver a esa camiseta, Pongan más huevo, Pongan más corazón, Esto es el once, Y hay que salir campeón, Vamos caldense, No le falles a toda tu gente, A ver si nos entendemos, Los jugadores y la popular, Ustedes matensen en la cancha, Que acá en la tribuna, Los vamos a alentar... (Se repite...)",,,,,FanChants,https://www.fanchants.com/es/football-songs/once-caldas-chants/put-more-heart/,2026-09-01,2017,Copiado de texto público mediante extracción reproducible,70,aceptado,,No,
CAN0596,CLU020,Once Caldas,Porque al Once lo Quiero,"Porque al once lo quiero, Y lo vengo a alentar, Porque al once lo quiero, Y lo vengo a alentar, En las buenas, Y en las malas mucho más... (Se repite...)",,,,,FanChants,https://www.fanchants.com/es/football-songs/once-caldas-chants/much-more/,2026-09-01,2017,Copiado de texto público mediante extracción reproducible,31,aceptado,,No,
CAN0597,CLU020,Once Caldas,Se Viene la Banda de Norte,"eñores soy hincha del rojo lo llevo en el alma, La banda que en todo momento siempre te acompaña, Por eso le digo a la gente que es un sentimiento, Te sigo de loco y con todas mis fuerzas te aliento, Recuerdo que juntos pasamos muy duros momentos, Y tu no cambiaste por fuerte que fueran los tiempos, A los jugadores les pido que dejen la vida, Por que cuando muera te voy a alentar desde arriba, Se viene la banda de norte, Se viene la banda de norte, Se viene la banda de norte, La del Medellin....",,,,,FanChants,https://www.fanchants.com/es/football-songs/once-caldas-chants/moment/,2026-09-01,2013,Copiado de texto público mediante extracción reproducible,98,aceptado,,No,
CAN0598,CLU020,Once Caldas,Te Llevamos Dentro del Corazón,"Once Caldas,
Hoy te he venido a ver,
Pongan huevos,
Que hoy no podés perder,
Te llevamos dentro del corazón,
Deseando te queremos ver campeón...
(Se repite...)",,,,,FanChants,https://www.fanchants.com/es/football-songs/once-caldas-chants/heart-19/,2026-09-01,2013,Copiado de texto público mediante extracción reproducible,27,aceptado,,No,
CAN0599,CLU020,Once Caldas,Y Vamos Once Caldas!,"¡Once Caldas, y vamos Once Caldas! ¡Y vamos Once Caldas! ¡Y vamos Once Caaaldas!... (Se repite...)",,,,,FanChants,https://www.fanchants.com/es/football-songs/once-caldas-chants/come-on-once-caldas/,2026-09-01,,Copiado de texto público mediante extracción reproducible,16,aceptado,,No,
CAN0600,CLU020,Once Caldas,¡Vamos Once Caldas!,"¡Y vamos, vamos, vamos Once Caldas! ¡Y vamos, vamos, vamos otra vez! Que el Holacausto te vino a ver, ¡Y dale, dale, que no podemos perder!... (Repetido...)",,,,,FanChants,https://www.fanchants.com/es/football-songs/once-caldas-chants/and-come-on-2/,2026-09-01,,Copiado de texto público mediante extracción reproducible,27,aceptado,,No,
